areaCode,areaName,areaType,date,newCasesByPublishDate,newDeaths28DaysByDeathDate,newTestsByPublishDate
E92000001,England,nation,2021-04-21,1943,,
E92000001,England,nation,2021-04-20,2169,6,676012
E92000001,England,nation,2021-04-19,2550,8,998671
E92000001,England,nation,2021-04-18,1495,12,1631309
E92000001,England,nation,2021-04-17,1897,13,460574
E92000001,England,nation,2021-04-16,2225,14,631544
E92000001,England,nation,2021-04-15,2171,17,936979
E92000001,England,nation,2021-04-14,2054,7,1095605
E92000001,England,nation,2021-04-13,2070,17,632227
E92000001,England,nation,2021-04-12,3222,23,834556
E92000001,England,nation,2021-04-11,1338,17,1177999
E92000001,England,nation,2021-04-10,2032,17,442212
E92000001,England,nation,2021-04-09,2638,18,616831
E92000001,England,nation,2021-04-08,2486,28,872523
E92000001,England,nation,2021-04-07,2304,24,976636
E92000001,England,nation,2021-04-06,1937,21,587942
E92000001,England,nation,2021-04-05,2236,10,710539
E92000001,England,nation,2021-04-04,1954,23,785479
E92000001,England,nation,2021-04-03,2847,26,355051
E92000001,England,nation,2021-04-02,2881,19,517247
E92000001,England,nation,2021-04-01,3784,26,894525
E92000001,England,nation,2021-03-31,3327,35,1194346
E92000001,England,nation,2021-03-30,3384,37,642580
E92000001,England,nation,2021-03-29,4112,26,925653
E92000001,England,nation,2021-03-28,3153,26,1597146
E92000001,England,nation,2021-03-27,3813,28,417592
E92000001,England,nation,2021-03-26,5273,41,654514
E92000001,England,nation,2021-03-25,5286,37,1202147
E92000001,England,nation,2021-03-24,4615,32,1728376
E92000001,England,nation,2021-03-23,4583,46,781572
E92000001,England,nation,2021-03-22,4746,56,1143274
E92000001,England,nation,2021-03-21,4459,69,1846349
E92000001,England,nation,2021-03-20,4732,59,410959
E92000001,England,nation,2021-03-19,3809,53,870294
E92000001,England,nation,2021-03-18,5213,52,1366562
E92000001,England,nation,2021-03-17,4827,64,1556840
E92000001,England,nation,2021-03-16,4391,66,1264415
E92000001,England,nation,2021-03-15,4264,85,1528826
E92000001,England,nation,2021-03-14,3774,78,926566
E92000001,England,nation,2021-03-13,4539,96,393146
E92000001,England,nation,2021-03-12,5529,82,1350707
E92000001,England,nation,2021-03-11,5744,107,1555552
E92000001,England,nation,2021-03-10,4863,94,1488744
E92000001,England,nation,2021-03-09,4894,114,1322857
E92000001,England,nation,2021-03-08,3903,123,1491126
E92000001,England,nation,2021-03-07,4497,112,770423
E92000001,England,nation,2021-03-06,5118,129,411384
E92000001,England,nation,2021-03-05,5053,156,898450
E92000001,England,nation,2021-03-04,5643,131,936467
E92000001,England,nation,2021-03-03,5408,125,803883
E92000001,England,nation,2021-03-02,5530,153,623321
E92000001,England,nation,2021-03-01,4738,190,691382
E92000001,England,nation,2021-02-28,5080,197,489905
E92000001,England,nation,2021-02-27,6527,196,337138
E92000001,England,nation,2021-02-26,7393,193,555513
E92000001,England,nation,2021-02-25,8623,219,674490
E92000001,England,nation,2021-02-24,8644,236,675562
E92000001,England,nation,2021-02-23,7292,253,545669
E92000001,England,nation,2021-02-22,9420,241,625903
E92000001,England,nation,2021-02-21,8408,285,542687
E92000001,England,nation,2021-02-20,8964,298,351540
E92000001,England,nation,2021-02-19,10296,316,460915
E92000001,England,nation,2021-02-18,10740,365,482967
E92000001,England,nation,2021-02-17,10926,384,508877
E92000001,England,nation,2021-02-16,9236,394,431987
E92000001,England,nation,2021-02-15,8609,460,406430
E92000001,England,nation,2021-02-14,9499,434,352340
E92000001,England,nation,2021-02-13,11697,427,342871
E92000001,England,nation,2021-02-12,13299,453,555439
E92000001,England,nation,2021-02-11,12001,507,656722
E92000001,England,nation,2021-02-10,11551,542,691214
E92000001,England,nation,2021-02-09,10916,533,517303
E92000001,England,nation,2021-02-08,12270,615,582823
E92000001,England,nation,2021-02-07,14466,565,538804
E92000001,England,nation,2021-02-06,16302,609,410657
E92000001,England,nation,2021-02-05,17314,673,612325
E92000001,England,nation,2021-02-04,18529,649,726501
E92000001,England,nation,2021-02-03,17265,776,732372
E92000001,England,nation,2021-02-02,15021,759,556388
E92000001,England,nation,2021-02-01,16815,800,606640
E92000001,England,nation,2021-01-31,19054,810,531033
E92000001,England,nation,2021-01-30,21089,831,391911
E92000001,England,nation,2021-01-29,26709,945,605879
E92000001,England,nation,2021-01-28,26182,1016,688218
E92000001,England,nation,2021-01-27,22914,1006,703483
E92000001,England,nation,2021-01-26,17920,958,546624
E92000001,England,nation,2021-01-25,20149,1071,506076
E92000001,England,nation,2021-01-24,27580,1037,367638
E92000001,England,nation,2021-01-23,30496,1055,429003
E92000001,England,nation,2021-01-22,37115,1118,568070
E92000001,England,nation,2021-01-21,34371,1135,592060
E92000001,England,nation,2021-01-20,35061,1172,568125
E92000001,England,nation,2021-01-19,30371,1246,516094
E92000001,England,nation,2021-01-18,34134,1169,510286
E92000001,England,nation,2021-01-17,35263,1169,364754
E92000001,England,nation,2021-01-16,37759,1164,431296
E92000001,England,nation,2021-01-15,50741,1100,531635
E92000001,England,nation,2021-01-14,44358,1088,598003
E92000001,England,nation,2021-01-13,42898,1100,545743
E92000001,England,nation,2021-01-12,41121,1087,504843
E92000001,England,nation,2021-01-11,41835,1007,482894
E92000001,England,nation,2021-01-10,50291,980,402499
E92000001,England,nation,2021-01-09,54257,923,482502
E92000001,England,nation,2021-01-08,61757,888,592281
E92000001,England,nation,2021-01-07,46841,886,537119
E92000001,England,nation,2021-01-06,56060,824,492394
E92000001,England,nation,2021-01-05,54940,822,439597
E92000001,England,nation,2021-01-04,53180,755,414432
E92000001,England,nation,2021-01-03,46853,649,382173
E92000001,England,nation,2021-01-02,49248,670,349307
E92000001,England,nation,2021-01-01,50746,642,362497
E92000001,England,nation,2020-12-31,49510,651,442318
E92000001,England,nation,2020-12-30,43554,621,349457
E92000001,England,nation,2020-12-29,47164,580,284345
E92000001,England,nation,2020-12-28,36511,590,318747
E92000001,England,nation,2020-12-27,25619,572,319518
E92000001,England,nation,2020-12-26,31307,566,226824
E92000001,England,nation,2020-12-25,31560,537,310558
E92000001,England,nation,2020-12-24,35561,484,418340
E92000001,England,nation,2020-12-23,34247,484,437996
E92000001,England,nation,2020-12-22,32288,486,386644
E92000001,England,nation,2020-12-21,28742,498,361195
E92000001,England,nation,2020-12-20,32155,428,352837
E92000001,England,nation,2020-12-19,22775,411,386407
E92000001,England,nation,2020-12-18,24452,435,329643
E92000001,England,nation,2020-12-17,22401,441,319833
E92000001,England,nation,2020-12-16,23432,356,254424
E92000001,England,nation,2020-12-15,16504,386,264953
E92000001,England,nation,2020-12-14,17882,413,242133
E92000001,England,nation,2020-12-13,17164,365,273537
E92000001,England,nation,2020-12-12,17468,374,317246
E92000001,England,nation,2020-12-11,17899,398,324374
E92000001,England,nation,2020-12-10,17622,378,329724
E92000001,England,nation,2020-12-09,12960,374,309634
E92000001,England,nation,2020-12-08,10459,374,239688
E92000001,England,nation,2020-12-07,11623,357,177266
E92000001,England,nation,2020-12-06,14294,352,224576
E92000001,England,nation,2020-12-05,12666,341,296335
E92000001,England,nation,2020-12-04,13412,412,317108
E92000001,England,nation,2020-12-03,11992,404,318015
E92000001,England,nation,2020-12-02,13323,336,282536
E92000001,England,nation,2020-12-01,11618,347,251969
E92000001,England,nation,2020-11-30,10869,362,173094
E92000001,England,nation,2020-11-29,10054,400,170750
E92000001,England,nation,2020-11-28,13323,383,250086
E92000001,England,nation,2020-11-27,13557,363,264297
E92000001,England,nation,2020-11-26,14637,372,308240
E92000001,England,nation,2020-11-25,15893,423,275109
E92000001,England,nation,2020-11-24,9854,405,257557
E92000001,England,nation,2020-11-23,13329,401,166447
E92000001,England,nation,2020-11-22,16668,406,204444
E92000001,England,nation,2020-11-21,17615,396,292050
E92000001,England,nation,2020-11-20,17845,389,319264
E92000001,England,nation,2020-11-19,20291,397,314969
E92000001,England,nation,2020-11-18,17189,434,292040
E92000001,England,nation,2020-11-17,17549,364,237965
E92000001,England,nation,2020-11-16,19423,358,191060
E92000001,England,nation,2020-11-15,21998,382,238240
E92000001,England,nation,2020-11-14,24298,358,290889
E92000001,England,nation,2020-11-13,24540,357,324618
E92000001,England,nation,2020-11-12,30843,351,322226
E92000001,England,nation,2020-11-11,19970,312,317352
E92000001,England,nation,2020-11-10,18622,319,249184
E92000001,England,nation,2020-11-09,19036,401,208913
E92000001,England,nation,2020-11-08,18293,340,235875
E92000001,England,nation,2020-11-07,21875,333,275061
E92000001,England,nation,2020-11-06,20268,333,297231
E92000001,England,nation,2020-11-05,21137,301,284644
E92000001,England,nation,2020-11-04,21863,277,252074
E92000001,England,nation,2020-11-03,17330,291,219591
E92000001,England,nation,2020-11-02,15860,284,164028
E92000001,England,nation,2020-11-01,20602,286,214702
E92000001,England,nation,2020-10-31,18864,276,245467
E92000001,England,nation,2020-10-30,20821,281,240513
E92000001,England,nation,2020-10-29,19740,249,275782
E92000001,England,nation,2020-10-28,21245,238,251947
E92000001,England,nation,2020-10-27,19629,218,223852
E92000001,England,nation,2020-10-26,17883,222,189688
E92000001,England,nation,2020-10-25,16487,205,254588
E92000001,England,nation,2020-10-24,19332,171,246877
E92000001,England,nation,2020-10-23,17116,188,275482
E92000001,England,nation,2020-10-22,17354,187,277346
E92000001,England,nation,2020-10-21,22948,191,246573
E92000001,England,nation,2020-10-20,17814,171,224021
E92000001,England,nation,2020-10-19,16365,159,203636
E92000001,England,nation,2020-10-18,14704,120,247423
E92000001,England,nation,2020-10-17,13299,160,239949
E92000001,England,nation,2020-10-16,12176,123,262139
E92000001,England,nation,2020-10-15,16139,124,240581
E92000001,England,nation,2020-10-14,16132,101,242525
E92000001,England,nation,2020-10-13,14310,87,210548
E92000001,England,nation,2020-10-12,11647,96,164177
E92000001,England,nation,2020-10-11,10383,103,207072
E92000001,England,nation,2020-10-10,12628,90,219767
E92000001,England,nation,2020-10-09,10772,67,242852
E92000001,England,nation,2020-10-08,14952,75,232969
E92000001,England,nation,2020-10-07,11528,81,203908
E92000001,England,nation,2020-10-06,12648,62,206933
E92000001,England,nation,2020-10-05,10685,59,204621
E92000001,England,nation,2020-10-04,21309,54,191426
E92000001,England,nation,2020-10-03,10806,55,226193
E92000001,England,nation,2020-10-02,4797,63,214467
E92000001,England,nation,2020-10-01,5589,56,208390
E92000001,England,nation,2020-09-30,5656,48,210071
E92000001,England,nation,2020-09-29,5651,43,184624
E92000001,England,nation,2020-09-28,3316,47,173952
E92000001,England,nation,2020-09-27,4800,42,198479
E92000001,England,nation,2020-09-26,4639,35,202975
E92000001,England,nation,2020-09-25,5723,29,227056
E92000001,England,nation,2020-09-24,5632,33,216636
E92000001,England,nation,2020-09-23,5083,52,205663
E92000001,England,nation,2020-09-22,4187,34,194493
E92000001,England,nation,2020-09-21,3754,24,166199
E92000001,England,nation,2020-09-20,3279,27,192119
E92000001,England,nation,2020-09-19,3638,18,212982
E92000001,England,nation,2020-09-18,3771,21,217362
E92000001,England,nation,2020-09-17,2788,24,205264
E92000001,England,nation,2020-09-16,3396,22,207516
E92000001,England,nation,2020-09-15,2649,15,200210
E92000001,England,nation,2020-09-14,2259,17,183010
E92000001,England,nation,2020-09-13,2837,14,186464
E92000001,England,nation,2020-09-12,3008,18,188445
E92000001,England,nation,2020-09-11,3143,10,209405
E92000001,England,nation,2020-09-10,2578,12,198710
E92000001,England,nation,2020-09-09,2286,9,178198
E92000001,England,nation,2020-09-08,2094,9,164626
E92000001,England,nation,2020-09-07,2528,13,153403
E92000001,England,nation,2020-09-06,2576,8,146110
E92000001,England,nation,2020-09-05,1477,12,138964
E92000001,England,nation,2020-09-04,1669,6,167091
E92000001,England,nation,2020-09-03,1507,6,156472
E92000001,England,nation,2020-09-02,1239,8,153341
E92000001,England,nation,2020-09-01,1041,2,128278
E92000001,England,nation,2020-08-31,1149,7,129093
E92000001,England,nation,2020-08-30,1487,6,131938
E92000001,England,nation,2020-08-29,891,5,134728
E92000001,England,nation,2020-08-28,1106,8,143684
E92000001,England,nation,2020-08-27,1350,8,158514
E92000001,England,nation,2020-08-26,875,11,154171
E92000001,England,nation,2020-08-25,1065,11,135380
E92000001,England,nation,2020-08-24,758,5,114923
E92000001,England,nation,2020-08-23,938,13,136407
E92000001,England,nation,2020-08-22,1060,6,143117
E92000001,England,nation,2020-08-21,908,7,161792
E92000001,England,nation,2020-08-20,1035,8,153990
E92000001,England,nation,2020-08-19,707,2,155714
E92000001,England,nation,2020-08-18,975,7,139115
E92000001,England,nation,2020-08-17,634,12,123659
E92000001,England,nation,2020-08-16,952,4,142809
E92000001,England,nation,2020-08-15,934,11,153610
E92000001,England,nation,2020-08-14,1284,6,147324
E92000001,England,nation,2020-08-13,1059,7,140705
E92000001,England,nation,2020-08-12,925,6,155059
E92000001,England,nation,2020-08-11,1035,10,131916
E92000001,England,nation,2020-08-10,699,11,119028
E92000001,England,nation,2020-08-09,988,8,129513
E92000001,England,nation,2020-08-08,679,11,130547
E92000001,England,nation,2020-08-07,796,7,141601
E92000001,England,nation,2020-08-06,826,9,147556
E92000001,England,nation,2020-08-05,804,3,135562
E92000001,England,nation,2020-08-04,617,10,128983
E92000001,England,nation,2020-08-03,856,14,115267
E92000001,England,nation,2020-08-02,676,8,106765
E92000001,England,nation,2020-08-01,722,9,118567
E92000001,England,nation,2020-07-31,814,10,130267
E92000001,England,nation,2020-07-30,812,8,139459
E92000001,England,nation,2020-07-29,700,8,131004
E92000001,England,nation,2020-07-28,547,10,122852
E92000001,England,nation,2020-07-27,616,10,74300
E92000001,England,nation,2020-07-26,721,14,89686
E92000001,England,nation,2020-07-25,710,13,121177
E92000001,England,nation,2020-07-24,688,6,129726
E92000001,England,nation,2020-07-23,702,16,119536
E92000001,England,nation,2020-07-22,519,16,123219
E92000001,England,nation,2020-07-21,399,19,117233
E92000001,England,nation,2020-07-20,535,12,78789
E92000001,England,nation,2020-07-19,672,14,88553
E92000001,England,nation,2020-07-18,796,14,111210
E92000001,England,nation,2020-07-17,635,18,150355
E92000001,England,nation,2020-07-16,597,12,143120
E92000001,England,nation,2020-07-15,506,20,130153
E92000001,England,nation,2020-07-14,372,20,113811
E92000001,England,nation,2020-07-13,497,22,75439
E92000001,England,nation,2020-07-12,615,12,
E92000001,England,nation,2020-07-11,806,20,
E92000001,England,nation,2020-07-10,480,21,
E92000001,England,nation,2020-07-09,617,35,
E92000001,England,nation,2020-07-08,606,23,
E92000001,England,nation,2020-07-07,572,26,
E92000001,England,nation,2020-07-06,331,33,
E92000001,England,nation,2020-07-05,492,24,
E92000001,England,nation,2020-07-04,579,31,
E92000001,England,nation,2020-07-03,502,26,
E92000001,England,nation,2020-07-02,523,40,
E92000001,England,nation,2020-07-01,177,22,
E92000001,England,nation,2020-06-30,196,43,
E92000001,England,nation,2020-06-29,99,34,
E92000001,England,nation,2020-06-28,142,42,
E92000001,England,nation,2020-06-27,192,39,
E92000001,England,nation,2020-06-26,175,37,
E92000001,England,nation,2020-06-25,261,58,
E92000001,England,nation,2020-06-24,107,67,
E92000001,England,nation,2020-06-23,210,61,
E92000001,England,nation,2020-06-22,178,58,
E92000001,England,nation,2020-06-21,215,47,
E92000001,England,nation,2020-06-20,324,54,
E92000001,England,nation,2020-06-19,323,47,
E92000001,England,nation,2020-06-18,281,57,
E92000001,England,nation,2020-06-17,252,54,
E92000001,England,nation,2020-06-16,252,69,
E92000001,England,nation,2020-06-15,219,61,
E92000001,England,nation,2020-06-14,292,76,
E92000001,England,nation,2020-06-13,372,53,
E92000001,England,nation,2020-06-12,392,73,
E92000001,England,nation,2020-06-11,304,71,
E92000001,England,nation,2020-06-10,63,97,
E92000001,England,nation,2020-06-09,651,85,
E92000001,England,nation,2020-06-08,92,111,
E92000001,England,nation,2020-06-07,228,112,
E92000001,England,nation,2020-06-06,422,99,
E92000001,England,nation,2020-06-05,451,109,
E92000001,England,nation,2020-06-04,431,121,
E92000001,England,nation,2020-06-03,462,138,
E92000001,England,nation,2020-06-02,444,156,
E92000001,England,nation,2020-06-01,294,122,
E92000001,England,nation,2020-05-31,320,112,
E92000001,England,nation,2020-05-30,715,145,
E92000001,England,nation,2020-05-29,560,163,
E92000001,England,nation,2020-05-28,519,182,
E92000001,England,nation,2020-05-27,609,171,
E92000001,England,nation,2020-05-26,492,188,
E92000001,England,nation,2020-05-25,494,176,
E92000001,England,nation,2020-05-24,584,169,
E92000001,England,nation,2020-05-23,979,200,
E92000001,England,nation,2020-05-22,1083,195,
E92000001,England,nation,2020-05-21,854,201,
E92000001,England,nation,2020-05-20,824,234,
E92000001,England,nation,2020-05-19,857,231,
E92000001,England,nation,2020-05-18,816,253,
E92000001,England,nation,2020-05-17,788,223,
E92000001,England,nation,2020-05-16,1136,268,
E92000001,England,nation,2020-05-15,1112,269,
E92000001,England,nation,2020-05-14,1189,277,
E92000001,England,nation,2020-05-13,1146,256,
E92000001,England,nation,2020-05-12,1067,275,
E92000001,England,nation,2020-05-11,891,260,
E92000001,England,nation,2020-05-10,1007,300,
E92000001,England,nation,2020-05-09,1349,330,
E92000001,England,nation,2020-05-08,1694,330,
E92000001,England,nation,2020-05-07,2133,399,
E92000001,England,nation,2020-05-06,1611,391,
E92000001,England,nation,2020-05-05,1842,392,
E92000001,England,nation,2020-05-04,1485,412,
E92000001,England,nation,2020-05-03,2019,387,
E92000001,England,nation,2020-05-02,2228,424,
E92000001,England,nation,2020-05-01,2501,479,
E92000001,England,nation,2020-04-30,2484,484,
E92000001,England,nation,2020-04-29,1403,492,
E92000001,England,nation,2020-04-28,1989,499,
E92000001,England,nation,2020-04-27,2264,506,
E92000001,England,nation,2020-04-26,2152,560,
E92000001,England,nation,2020-04-25,2826,556,
E92000001,England,nation,2020-04-24,3004,603,
E92000001,England,nation,2020-04-23,3084,593,
E92000001,England,nation,2020-04-22,3020,643,
E92000001,England,nation,2020-04-21,3087,650,
E92000001,England,nation,2020-04-20,2401,685,
E92000001,England,nation,2020-04-19,3607,686,
E92000001,England,nation,2020-04-18,3548,706,
E92000001,England,nation,2020-04-17,3985,743,
E92000001,England,nation,2020-04-16,3118,753,
E92000001,England,nation,2020-04-15,3188,785,
E92000001,England,nation,2020-04-14,3854,770,
E92000001,England,nation,2020-04-13,2999,804,
E92000001,England,nation,2020-04-12,3672,858,
E92000001,England,nation,2020-04-11,3841,862,
E92000001,England,nation,2020-04-10,4263,850,
E92000001,England,nation,2020-04-09,3798,873,
E92000001,England,nation,2020-04-08,4788,973,
E92000001,England,nation,2020-04-07,2978,913,
E92000001,England,nation,2020-04-06,3176,804,
E92000001,England,nation,2020-04-05,5107,829,
E92000001,England,nation,2020-04-04,2910,839,
E92000001,England,nation,2020-04-03,3576,743,
E92000001,England,nation,2020-04-02,3583,732,
E92000001,England,nation,2020-04-01,3630,698,
E92000001,England,nation,2020-03-31,2414,602,
E92000001,England,nation,2020-03-30,2107,541,
E92000001,England,nation,2020-03-29,2060,465,
E92000001,England,nation,2020-03-28,2139,384,
E92000001,England,nation,2020-03-27,2506,374,
E92000001,England,nation,2020-03-26,1809,336,
E92000001,England,nation,2020-03-25,1130,278,
E92000001,England,nation,2020-03-24,1258,219,
E92000001,England,nation,2020-03-23,793,173,
E92000001,England,nation,2020-03-22,535,154,
E92000001,England,nation,2020-03-21,873,116,
E92000001,England,nation,2020-03-20,628,102,
E92000001,England,nation,2020-03-19,574,67,
E92000001,England,nation,2020-03-18,625,67,
E92000001,England,nation,2020-03-17,361,50,
E92000001,England,nation,2020-03-16,97,43,
E92000001,England,nation,2020-03-15,253,32,
E92000001,England,nation,2020-03-14,201,20,
E92000001,England,nation,2020-03-13,159,16,
E92000001,England,nation,2020-03-12,99,12,
E92000001,England,nation,2020-03-11,63,8,
E92000001,England,nation,2020-03-10,46,3,
E92000001,England,nation,2020-03-09,40,5,
E92000001,England,nation,2020-03-08,58,3,
E92000001,England,nation,2020-03-07,39,0,
E92000001,England,nation,2020-03-06,39,0,
E92000001,England,nation,2020-03-05,25,3,
E92000001,England,nation,2020-03-04,32,0,
E92000001,England,nation,2020-03-03,11,2,
E92000001,England,nation,2020-03-02,4,1,
E92000001,England,nation,2020-03-01,12,,
E92000001,England,nation,2020-02-29,3,,
E92000001,England,nation,2020-02-28,5,,
E92000001,England,nation,2020-02-27,0,,
E92000001,England,nation,2020-02-26,0,,
E92000001,England,nation,2020-02-25,0,,
E92000001,England,nation,2020-02-24,4,,
E92000001,England,nation,2020-02-23,0,,
E92000001,England,nation,2020-02-22,0,,
E92000001,England,nation,2020-02-21,0,,
E92000001,England,nation,2020-02-20,0,,
E92000001,England,nation,2020-02-19,0,,
E92000001,England,nation,2020-02-18,0,,
E92000001,England,nation,2020-02-17,0,,
E92000001,England,nation,2020-02-16,0,,
E92000001,England,nation,2020-02-15,0,,
E92000001,England,nation,2020-02-14,0,,
E92000001,England,nation,2020-02-13,1,,
E92000001,England,nation,2020-02-12,0,,
E92000001,England,nation,2020-02-11,0,,
E92000001,England,nation,2020-02-10,4,,
E92000001,England,nation,2020-02-09,1,,
E92000001,England,nation,2020-02-08,0,,
E92000001,England,nation,2020-02-07,0,,
E92000001,England,nation,2020-02-06,1,,
E92000001,England,nation,2020-02-05,0,,
E92000001,England,nation,2020-02-04,0,,
E92000001,England,nation,2020-02-03,0,,
E92000001,England,nation,2020-02-02,0,,
E92000001,England,nation,2020-02-01,0,,
E92000001,England,nation,2020-01-31,2,,
N92000002,Northern Ireland,nation,2021-04-21,116,,
N92000002,Northern Ireland,nation,2021-04-20,124,0,8374
N92000002,Northern Ireland,nation,2021-04-19,79,1,10023
N92000002,Northern Ireland,nation,2021-04-18,82,0,10968
N92000002,Northern Ireland,nation,2021-04-17,99,1,4900
N92000002,Northern Ireland,nation,2021-04-16,119,1,8539
N92000002,Northern Ireland,nation,2021-04-15,159,1,12274
N92000002,Northern Ireland,nation,2021-04-14,97,2,15837
N92000002,Northern Ireland,nation,2021-04-13,112,1,7346
N92000002,Northern Ireland,nation,2021-04-12,97,0,9585
N92000002,Northern Ireland,nation,2021-04-11,89,1,11048
N92000002,Northern Ireland,nation,2021-04-10,146,1,4079
N92000002,Northern Ireland,nation,2021-04-09,113,2,9213
N92000002,Northern Ireland,nation,2021-04-08,98,1,10028
N92000002,Northern Ireland,nation,2021-04-07,88,2,6736
N92000002,Northern Ireland,nation,2021-04-06,57,1,7875
N92000002,Northern Ireland,nation,2021-04-05,89,2,5858
N92000002,Northern Ireland,nation,2021-04-04,0,1,6450
N92000002,Northern Ireland,nation,2021-04-03,84,1,0
N92000002,Northern Ireland,nation,2021-04-02,107,2,5303
N92000002,Northern Ireland,nation,2021-04-01,107,0,12157
N92000002,Northern Ireland,nation,2021-03-31,123,0,12046
N92000002,Northern Ireland,nation,2021-03-30,151,3,7038
N92000002,Northern Ireland,nation,2021-03-29,65,2,9088
N92000002,Northern Ireland,nation,2021-03-28,116,1,5507
N92000002,Northern Ireland,nation,2021-03-27,138,1,3836
N92000002,Northern Ireland,nation,2021-03-26,181,1,6022
N92000002,Northern Ireland,nation,2021-03-25,183,0,13175
N92000002,Northern Ireland,nation,2021-03-24,139,0,11993
N92000002,Northern Ireland,nation,2021-03-23,174,0,6228
N92000002,Northern Ireland,nation,2021-03-22,87,2,7940
N92000002,Northern Ireland,nation,2021-03-21,125,3,2846
N92000002,Northern Ireland,nation,2021-03-20,159,0,3748
N92000002,Northern Ireland,nation,2021-03-19,137,1,7064
N92000002,Northern Ireland,nation,2021-03-18,169,2,6580
N92000002,Northern Ireland,nation,2021-03-17,161,1,10554
N92000002,Northern Ireland,nation,2021-03-16,164,0,8751
N92000002,Northern Ireland,nation,2021-03-15,121,2,6451
N92000002,Northern Ireland,nation,2021-03-14,143,0,3051
N92000002,Northern Ireland,nation,2021-03-13,146,0,3712
N92000002,Northern Ireland,nation,2021-03-12,208,1,4706
N92000002,Northern Ireland,nation,2021-03-11,223,4,7835
N92000002,Northern Ireland,nation,2021-03-10,147,7,10750
N92000002,Northern Ireland,nation,2021-03-09,240,6,8912
N92000002,Northern Ireland,nation,2021-03-08,144,1,7018
N92000002,Northern Ireland,nation,2021-03-07,138,2,2880
N92000002,Northern Ireland,nation,2021-03-06,172,6,3368
N92000002,Northern Ireland,nation,2021-03-05,166,1,7584
N92000002,Northern Ireland,nation,2021-03-04,163,2,9188
N92000002,Northern Ireland,nation,2021-03-03,226,4,6221
N92000002,Northern Ireland,nation,2021-03-02,149,2,10289
N92000002,Northern Ireland,nation,2021-03-01,138,2,6228
N92000002,Northern Ireland,nation,2021-02-28,136,2,2926
N92000002,Northern Ireland,nation,2021-02-27,184,2,3714
N92000002,Northern Ireland,nation,2021-02-26,241,3,4266
N92000002,Northern Ireland,nation,2021-02-25,281,4,11112
N92000002,Northern Ireland,nation,2021-02-24,260,4,9261
N92000002,Northern Ireland,nation,2021-02-23,225,2,6747
N92000002,Northern Ireland,nation,2021-02-22,187,5,7316
N92000002,Northern Ireland,nation,2021-02-21,263,5,3127
N92000002,Northern Ireland,nation,2021-02-20,276,5,4555
N92000002,Northern Ireland,nation,2021-02-19,313,2,4868
N92000002,Northern Ireland,nation,2021-02-18,342,6,11955
N92000002,Northern Ireland,nation,2021-02-17,297,5,9232
N92000002,Northern Ireland,nation,2021-02-16,341,12,6005
N92000002,Northern Ireland,nation,2021-02-15,234,5,6699
N92000002,Northern Ireland,nation,2021-02-14,176,5,2980
N92000002,Northern Ireland,nation,2021-02-13,303,8,2907
N92000002,Northern Ireland,nation,2021-02-12,407,9,6342
N92000002,Northern Ireland,nation,2021-02-11,253,12,11470
N92000002,Northern Ireland,nation,2021-02-10,336,8,8326
N92000002,Northern Ireland,nation,2021-02-09,275,3,7982
N92000002,Northern Ireland,nation,2021-02-08,296,9,4815
N92000002,Northern Ireland,nation,2021-02-07,334,8,3813
N92000002,Northern Ireland,nation,2021-02-06,390,13,4264
N92000002,Northern Ireland,nation,2021-02-05,506,9,6686
N92000002,Northern Ireland,nation,2021-02-04,412,14,12287
N92000002,Northern Ireland,nation,2021-02-03,504,5,10311
N92000002,Northern Ireland,nation,2021-02-02,447,13,9039
N92000002,Northern Ireland,nation,2021-02-01,314,15,6104
N92000002,Northern Ireland,nation,2021-01-31,426,12,3423
N92000002,Northern Ireland,nation,2021-01-30,455,14,4781
N92000002,Northern Ireland,nation,2021-01-29,669,23,5470
N92000002,Northern Ireland,nation,2021-01-28,592,16,13297
N92000002,Northern Ireland,nation,2021-01-27,527,20,11500
N92000002,Northern Ireland,nation,2021-01-26,550,12,6944
N92000002,Northern Ireland,nation,2021-01-25,422,15,6338
N92000002,Northern Ireland,nation,2021-01-24,433,13,4167
N92000002,Northern Ireland,nation,2021-01-23,670,20,4410
N92000002,Northern Ireland,nation,2021-01-22,865,13,7071
N92000002,Northern Ireland,nation,2021-01-21,732,11,14258
N92000002,Northern Ireland,nation,2021-01-20,905,19,11008
N92000002,Northern Ireland,nation,2021-01-19,713,19,9738
N92000002,Northern Ireland,nation,2021-01-18,640,21,6011
N92000002,Northern Ireland,nation,2021-01-17,822,29,4673
N92000002,Northern Ireland,nation,2021-01-16,705,20,7366
N92000002,Northern Ireland,nation,2021-01-15,1052,24,6823
N92000002,Northern Ireland,nation,2021-01-14,973,26,12933
N92000002,Northern Ireland,nation,2021-01-13,1145,19,11316
N92000002,Northern Ireland,nation,2021-01-12,1205,19,10206
N92000002,Northern Ireland,nation,2021-01-11,759,23,8080
N92000002,Northern Ireland,nation,2021-01-10,1112,16,5807
N92000002,Northern Ireland,nation,2021-01-09,1442,20,7377
N92000002,Northern Ireland,nation,2021-01-08,1500,10,11830
N92000002,Northern Ireland,nation,2021-01-07,1410,21,15486
N92000002,Northern Ireland,nation,2021-01-06,1985,11,11165
N92000002,Northern Ireland,nation,2021-01-05,1378,7,13138
N92000002,Northern Ireland,nation,2021-01-04,1801,13,7673
N92000002,Northern Ireland,nation,2021-01-03,1662,12,8723
N92000002,Northern Ireland,nation,2021-01-02,3576,14,8524
N92000002,Northern Ireland,nation,2021-01-01,0,13,20613
N92000002,Northern Ireland,nation,2020-12-31,1929,10,0
N92000002,Northern Ireland,nation,2020-12-30,2143,13,14845
N92000002,Northern Ireland,nation,2020-12-29,1566,11,10625
N92000002,Northern Ireland,nation,2020-12-28,1634,8,7507
N92000002,Northern Ireland,nation,2020-12-27,0,14,9875
N92000002,Northern Ireland,nation,2020-12-26,998,10,0
N92000002,Northern Ireland,nation,2020-12-25,0,7,13643
N92000002,Northern Ireland,nation,2020-12-24,841,15,0
N92000002,Northern Ireland,nation,2020-12-23,787,15,13324
N92000002,Northern Ireland,nation,2020-12-22,439,10,9017
N92000002,Northern Ireland,nation,2020-12-21,555,17,5166
N92000002,Northern Ireland,nation,2020-12-20,505,12,6977
N92000002,Northern Ireland,nation,2020-12-19,640,15,6724
N92000002,Northern Ireland,nation,2020-12-18,510,10,10104
N92000002,Northern Ireland,nation,2020-12-17,656,14,6812
N92000002,Northern Ireland,nation,2020-12-16,510,13,10620
N92000002,Northern Ireland,nation,2020-12-15,486,6,8485
N92000002,Northern Ireland,nation,2020-12-14,419,6,5709
N92000002,Northern Ireland,nation,2020-12-13,483,5,4406
N92000002,Northern Ireland,nation,2020-12-12,476,7,5846
N92000002,Northern Ireland,nation,2020-12-11,538,9,7192
N92000002,Northern Ireland,nation,2020-12-10,441,13,9375
N92000002,Northern Ireland,nation,2020-12-09,483,9,8880
N92000002,Northern Ireland,nation,2020-12-08,351,7,8993
N92000002,Northern Ireland,nation,2020-12-07,397,17,5662
N92000002,Northern Ireland,nation,2020-12-06,419,11,4489
N92000002,Northern Ireland,nation,2020-12-05,451,12,5966
N92000002,Northern Ireland,nation,2020-12-04,449,7,7530
N92000002,Northern Ireland,nation,2020-12-03,456,6,8295
N92000002,Northern Ireland,nation,2020-12-02,416,8,9418
N92000002,Northern Ireland,nation,2020-12-01,391,7,8231
N92000002,Northern Ireland,nation,2020-11-30,290,12,5107
N92000002,Northern Ireland,nation,2020-11-29,351,8,3602
N92000002,Northern Ireland,nation,2020-11-28,315,11,4801
N92000002,Northern Ireland,nation,2020-11-27,391,11,5506
N92000002,Northern Ireland,nation,2020-11-26,442,8,8490
N92000002,Northern Ireland,nation,2020-11-25,533,10,9516
N92000002,Northern Ireland,nation,2020-11-24,79,7,9093
N92000002,Northern Ireland,nation,2020-11-23,280,8,1979
N92000002,Northern Ireland,nation,2020-11-22,342,6,3626
N92000002,Northern Ireland,nation,2020-11-21,357,8,5364
N92000002,Northern Ireland,nation,2020-11-20,369,13,7088
N92000002,Northern Ireland,nation,2020-11-19,487,13,8066
N92000002,Northern Ireland,nation,2020-11-18,518,10,8781
N92000002,Northern Ireland,nation,2020-11-17,549,11,7767
N92000002,Northern Ireland,nation,2020-11-16,331,9,5297
N92000002,Northern Ireland,nation,2020-11-15,472,13,3993
N92000002,Northern Ireland,nation,2020-11-14,511,13,6317
N92000002,Northern Ireland,nation,2020-11-13,607,11,7987
N92000002,Northern Ireland,nation,2020-11-12,548,10,7635
N92000002,Northern Ireland,nation,2020-11-11,791,13,7912
N92000002,Northern Ireland,nation,2020-11-10,514,8,9559
N92000002,Northern Ireland,nation,2020-11-09,471,10,4347
N92000002,Northern Ireland,nation,2020-11-08,420,10,4541
N92000002,Northern Ireland,nation,2020-11-07,528,7,5762
N92000002,Northern Ireland,nation,2020-11-06,595,15,6755
N92000002,Northern Ireland,nation,2020-11-05,516,7,7065
N92000002,Northern Ireland,nation,2020-11-04,679,10,6887
N92000002,Northern Ireland,nation,2020-11-03,570,12,7813
N92000002,Northern Ireland,nation,2020-11-02,493,5,4952
N92000002,Northern Ireland,nation,2020-11-01,685,10,4035
N92000002,Northern Ireland,nation,2020-10-31,649,7,5853
N92000002,Northern Ireland,nation,2020-10-30,566,9,7025
N92000002,Northern Ireland,nation,2020-10-29,822,14,7018
N92000002,Northern Ireland,nation,2020-10-28,840,9,8268
N92000002,Northern Ireland,nation,2020-10-27,722,10,7318
N92000002,Northern Ireland,nation,2020-10-26,727,11,7465
N92000002,Northern Ireland,nation,2020-10-25,896,6,4893
N92000002,Northern Ireland,nation,2020-10-24,923,8,7454
N92000002,Northern Ireland,nation,2020-10-23,1252,6,7733
N92000002,Northern Ireland,nation,2020-10-22,1042,4,9659
N92000002,Northern Ireland,nation,2020-10-21,1039,6,9321
N92000002,Northern Ireland,nation,2020-10-20,913,3,9020
N92000002,Northern Ireland,nation,2020-10-19,820,4,6680
N92000002,Northern Ireland,nation,2020-10-18,1012,7,6122
N92000002,Northern Ireland,nation,2020-10-17,1031,3,10632
N92000002,Northern Ireland,nation,2020-10-16,1299,2,7771
N92000002,Northern Ireland,nation,2020-10-15,763,4,10994
N92000002,Northern Ireland,nation,2020-10-14,1217,2,8267
N92000002,Northern Ireland,nation,2020-10-13,863,4,10620
N92000002,Northern Ireland,nation,2020-10-12,877,5,6514
N92000002,Northern Ireland,nation,2020-10-11,1066,6,7124
N92000002,Northern Ireland,nation,2020-10-10,902,0,10361
N92000002,Northern Ireland,nation,2020-10-09,1080,0,10191
N92000002,Northern Ireland,nation,2020-10-08,923,0,10635
N92000002,Northern Ireland,nation,2020-10-07,828,1,9931
N92000002,Northern Ireland,nation,2020-10-06,669,1,9794
N92000002,Northern Ireland,nation,2020-10-05,616,1,7304
N92000002,Northern Ireland,nation,2020-10-04,462,0,7514
N92000002,Northern Ireland,nation,2020-10-03,726,1,5674
N92000002,Northern Ireland,nation,2020-10-02,934,2,8412
N92000002,Northern Ireland,nation,2020-10-01,259,1,8681
N92000002,Northern Ireland,nation,2020-09-30,424,1,6042
N92000002,Northern Ireland,nation,2020-09-29,320,0,7943
N92000002,Northern Ireland,nation,2020-09-28,220,1,5319
N92000002,Northern Ireland,nation,2020-09-27,187,0,5724
N92000002,Northern Ireland,nation,2020-09-26,319,0,4726
N92000002,Northern Ireland,nation,2020-09-25,273,1,8664
N92000002,Northern Ireland,nation,2020-09-24,189,0,7410
N92000002,Northern Ireland,nation,2020-09-23,220,0,6276
N92000002,Northern Ireland,nation,2020-09-22,75,0,8071
N92000002,Northern Ireland,nation,2020-09-21,125,0,4495
N92000002,Northern Ireland,nation,2020-09-20,176,0,6455
N92000002,Northern Ireland,nation,2020-09-19,222,2,5764
N92000002,Northern Ireland,nation,2020-09-18,163,1,9124
N92000002,Northern Ireland,nation,2020-09-17,149,0,6509
N92000002,Northern Ireland,nation,2020-09-16,129,2,6662
N92000002,Northern Ireland,nation,2020-09-15,79,1,6779
N92000002,Northern Ireland,nation,2020-09-14,109,1,4398
N92000002,Northern Ireland,nation,2020-09-13,87,0,5512
N92000002,Northern Ireland,nation,2020-09-12,104,0,6237
N92000002,Northern Ireland,nation,2020-09-11,88,2,8553
N92000002,Northern Ireland,nation,2020-09-10,78,1,8142
N92000002,Northern Ireland,nation,2020-09-09,49,0,8543
N92000002,Northern Ireland,nation,2020-09-08,40,0,4461
N92000002,Northern Ireland,nation,2020-09-07,141,2,2845
N92000002,Northern Ireland,nation,2020-09-06,106,0,6992
N92000002,Northern Ireland,nation,2020-09-05,118,1,5030
N92000002,Northern Ireland,nation,2020-09-04,61,0,6305
N92000002,Northern Ireland,nation,2020-09-03,77,2,6369
N92000002,Northern Ireland,nation,2020-09-02,71,0,8013
N92000002,Northern Ireland,nation,2020-09-01,49,1,6053
N92000002,Northern Ireland,nation,2020-08-31,58,0,4350
N92000002,Northern Ireland,nation,2020-08-30,49,0,4951
N92000002,Northern Ireland,nation,2020-08-29,89,0,4848
N92000002,Northern Ireland,nation,2020-08-28,85,1,5735
N92000002,Northern Ireland,nation,2020-08-27,69,0,6325
N92000002,Northern Ireland,nation,2020-08-26,72,0,6979
N92000002,Northern Ireland,nation,2020-08-25,47,1,6410
N92000002,Northern Ireland,nation,2020-08-24,10,0,3371
N92000002,Northern Ireland,nation,2020-08-23,119,0,2926
N92000002,Northern Ireland,nation,2020-08-22,71,0,7646
N92000002,Northern Ireland,nation,2020-08-21,20,0,5881
N92000002,Northern Ireland,nation,2020-08-20,51,0,3465
N92000002,Northern Ireland,nation,2020-08-19,34,0,5177
N92000002,Northern Ireland,nation,2020-08-18,41,0,3088
N92000002,Northern Ireland,nation,2020-08-17,39,0,3850
N92000002,Northern Ireland,nation,2020-08-16,27,0,3340
N92000002,Northern Ireland,nation,2020-08-15,65,1,5658
N92000002,Northern Ireland,nation,2020-08-14,74,0,6009
N92000002,Northern Ireland,nation,2020-08-13,8,1,5597
N92000002,Northern Ireland,nation,2020-08-12,29,0,2179
N92000002,Northern Ireland,nation,2020-08-11,48,0,3572
N92000002,Northern Ireland,nation,2020-08-10,0,0,3402
N92000002,Northern Ireland,nation,2020-08-09,0,0,
N92000002,Northern Ireland,nation,2020-08-08,0,1,
N92000002,Northern Ireland,nation,2020-08-07,15,0,
N92000002,Northern Ireland,nation,2020-08-06,43,0,3153
N92000002,Northern Ireland,nation,2020-08-05,10,0,3614
N92000002,Northern Ireland,nation,2020-08-04,8,0,1779
N92000002,Northern Ireland,nation,2020-08-03,0,0,2021
N92000002,Northern Ireland,nation,2020-08-02,0,0,
N92000002,Northern Ireland,nation,2020-08-01,0,0,
N92000002,Northern Ireland,nation,2020-07-31,10,0,
N92000002,Northern Ireland,nation,2020-07-30,8,0,1621
N92000002,Northern Ireland,nation,2020-07-29,9,0,1973
N92000002,Northern Ireland,nation,2020-07-28,9,0,1687
N92000002,Northern Ireland,nation,2020-07-27,0,0,1547
N92000002,Northern Ireland,nation,2020-07-26,0,0,
N92000002,Northern Ireland,nation,2020-07-25,0,0,
N92000002,Northern Ireland,nation,2020-07-24,15,0,
N92000002,Northern Ireland,nation,2020-07-23,8,0,2020
N92000002,Northern Ireland,nation,2020-07-22,9,0,1851
N92000002,Northern Ireland,nation,2020-07-21,2,0,1829
N92000002,Northern Ireland,nation,2020-07-20,0,0,1579
N92000002,Northern Ireland,nation,2020-07-19,0,0,
N92000002,Northern Ireland,nation,2020-07-18,0,0,
N92000002,Northern Ireland,nation,2020-07-17,19,0,
N92000002,Northern Ireland,nation,2020-07-16,16,0,1807
N92000002,Northern Ireland,nation,2020-07-15,9,0,1365
N92000002,Northern Ireland,nation,2020-07-14,2,0,1315
N92000002,Northern Ireland,nation,2020-07-13,0,0,1275
N92000002,Northern Ireland,nation,2020-07-12,0,1,
N92000002,Northern Ireland,nation,2020-07-11,0,0,
N92000002,Northern Ireland,nation,2020-07-10,4,0,
N92000002,Northern Ireland,nation,2020-07-09,3,1,1542
N92000002,Northern Ireland,nation,2020-07-08,4,0,1777
N92000002,Northern Ireland,nation,2020-07-07,5,0,1228
N92000002,Northern Ireland,nation,2020-07-06,0,0,1067
N92000002,Northern Ireland,nation,2020-07-05,0,0,
N92000002,Northern Ireland,nation,2020-07-04,0,0,
N92000002,Northern Ireland,nation,2020-07-03,4,2,
N92000002,Northern Ireland,nation,2020-07-02,7,0,1508
N92000002,Northern Ireland,nation,2020-07-01,1,1,
N92000002,Northern Ireland,nation,2020-06-30,3,0,
N92000002,Northern Ireland,nation,2020-06-29,6,1,
N92000002,Northern Ireland,nation,2020-06-28,1,0,
N92000002,Northern Ireland,nation,2020-06-27,2,0,
N92000002,Northern Ireland,nation,2020-06-26,4,2,
N92000002,Northern Ireland,nation,2020-06-25,1,1,
N92000002,Northern Ireland,nation,2020-06-24,2,0,
N92000002,Northern Ireland,nation,2020-06-23,0,1,
N92000002,Northern Ireland,nation,2020-06-22,1,1,
N92000002,Northern Ireland,nation,2020-06-21,4,0,
N92000002,Northern Ireland,nation,2020-06-20,0,0,
N92000002,Northern Ireland,nation,2020-06-19,3,1,
N92000002,Northern Ireland,nation,2020-06-18,1,1,
N92000002,Northern Ireland,nation,2020-06-17,8,1,
N92000002,Northern Ireland,nation,2020-06-16,2,1,
N92000002,Northern Ireland,nation,2020-06-15,4,0,
N92000002,Northern Ireland,nation,2020-06-14,7,0,
N92000002,Northern Ireland,nation,2020-06-13,3,1,
N92000002,Northern Ireland,nation,2020-06-12,16,1,
N92000002,Northern Ireland,nation,2020-06-11,4,2,
N92000002,Northern Ireland,nation,2020-06-10,13,0,
N92000002,Northern Ireland,nation,2020-06-09,3,0,
N92000002,Northern Ireland,nation,2020-06-08,6,0,
N92000002,Northern Ireland,nation,2020-06-07,6,0,
N92000002,Northern Ireland,nation,2020-06-06,14,0,
N92000002,Northern Ireland,nation,2020-06-05,3,1,
N92000002,Northern Ireland,nation,2020-06-04,33,0,
N92000002,Northern Ireland,nation,2020-06-03,8,2,
N92000002,Northern Ireland,nation,2020-06-02,4,2,
N92000002,Northern Ireland,nation,2020-06-01,12,1,
N92000002,Northern Ireland,nation,2020-05-31,7,1,
N92000002,Northern Ireland,nation,2020-05-30,13,2,
N92000002,Northern Ireland,nation,2020-05-29,17,1,
N92000002,Northern Ireland,nation,2020-05-28,16,3,
N92000002,Northern Ireland,nation,2020-05-27,26,4,
N92000002,Northern Ireland,nation,2020-05-26,28,1,
N92000002,Northern Ireland,nation,2020-05-25,39,1,
N92000002,Northern Ireland,nation,2020-05-24,25,7,
N92000002,Northern Ireland,nation,2020-05-23,41,2,
N92000002,Northern Ireland,nation,2020-05-22,23,1,
N92000002,Northern Ireland,nation,2020-05-21,42,4,
N92000002,Northern Ireland,nation,2020-05-20,18,5,
N92000002,Northern Ireland,nation,2020-05-19,20,5,
N92000002,Northern Ireland,nation,2020-05-18,16,7,
N92000002,Northern Ireland,nation,2020-05-17,28,7,
N92000002,Northern Ireland,nation,2020-05-16,40,4,
N92000002,Northern Ireland,nation,2020-05-15,26,3,
N92000002,Northern Ireland,nation,2020-05-14,38,10,
N92000002,Northern Ireland,nation,2020-05-13,60,3,
N92000002,Northern Ireland,nation,2020-05-12,44,4,
N92000002,Northern Ireland,nation,2020-05-11,30,2,
N92000002,Northern Ireland,nation,2020-05-10,41,10,
N92000002,Northern Ireland,nation,2020-05-09,56,7,
N92000002,Northern Ireland,nation,2020-05-08,38,6,
N92000002,Northern Ireland,nation,2020-05-07,50,3,
N92000002,Northern Ireland,nation,2020-05-06,53,3,
N92000002,Northern Ireland,nation,2020-05-05,45,6,
N92000002,Northern Ireland,nation,2020-05-04,69,9,
N92000002,Northern Ireland,nation,2020-05-03,78,11,
N92000002,Northern Ireland,nation,2020-05-02,66,12,
N92000002,Northern Ireland,nation,2020-05-01,87,12,
N92000002,Northern Ireland,nation,2020-04-30,73,8,
N92000002,Northern Ireland,nation,2020-04-29,55,14,
N92000002,Northern Ireland,nation,2020-04-28,34,6,
N92000002,Northern Ireland,nation,2020-04-27,66,13,
N92000002,Northern Ireland,nation,2020-04-26,82,14,
N92000002,Northern Ireland,nation,2020-04-25,104,15,
N92000002,Northern Ireland,nation,2020-04-24,106,11,
N92000002,Northern Ireland,nation,2020-04-23,142,16,
N92000002,Northern Ireland,nation,2020-04-22,116,19,
N92000002,Northern Ireland,nation,2020-04-21,30,13,
N92000002,Northern Ireland,nation,2020-04-20,83,12,
N92000002,Northern Ireland,nation,2020-04-19,159,10,
N92000002,Northern Ireland,nation,2020-04-18,148,10,
N92000002,Northern Ireland,nation,2020-04-17,137,9,
N92000002,Northern Ireland,nation,2020-04-16,113,11,
N92000002,Northern Ireland,nation,2020-04-15,121,16,
N92000002,Northern Ireland,nation,2020-04-14,85,12,
N92000002,Northern Ireland,nation,2020-04-13,76,7,
N92000002,Northern Ireland,nation,2020-04-12,89,16,
N92000002,Northern Ireland,nation,2020-04-11,128,11,
N92000002,Northern Ireland,nation,2020-04-10,112,11,
N92000002,Northern Ireland,nation,2020-04-09,138,18,
N92000002,Northern Ireland,nation,2020-04-08,84,4,
N92000002,Northern Ireland,nation,2020-04-07,97,8,
N92000002,Northern Ireland,nation,2020-04-06,69,6,
N92000002,Northern Ireland,nation,2020-04-05,91,11,
N92000002,Northern Ireland,nation,2020-04-04,94,9,
N92000002,Northern Ireland,nation,2020-04-03,130,10,
N92000002,Northern Ireland,nation,2020-04-02,85,10,
N92000002,Northern Ireland,nation,2020-04-01,103,4,
N92000002,Northern Ireland,nation,2020-03-31,53,5,
N92000002,Northern Ireland,nation,2020-03-30,123,4,
N92000002,Northern Ireland,nation,2020-03-29,86,4,
N92000002,Northern Ireland,nation,2020-03-28,49,8,
N92000002,Northern Ireland,nation,2020-03-27,34,3,
N92000002,Northern Ireland,nation,2020-03-26,32,2,
N92000002,Northern Ireland,nation,2020-03-25,37,4,
N92000002,Northern Ireland,nation,2020-03-24,24,2,
N92000002,Northern Ireland,nation,2020-03-23,20,5,
N92000002,Northern Ireland,nation,2020-03-22,20,1,
N92000002,Northern Ireland,nation,2020-03-21,22,1,
N92000002,Northern Ireland,nation,2020-03-20,9,0,
N92000002,Northern Ireland,nation,2020-03-19,9,1,
N92000002,Northern Ireland,nation,2020-03-18,6,1,
N92000002,Northern Ireland,nation,2020-03-17,10,,
N92000002,Northern Ireland,nation,2020-03-16,7,,
N92000002,Northern Ireland,nation,2020-03-15,11,,
N92000002,Northern Ireland,nation,2020-03-14,5,,
N92000002,Northern Ireland,nation,2020-03-13,10,,
N92000002,Northern Ireland,nation,2020-03-12,1,,
N92000002,Northern Ireland,nation,2020-03-11,2,,
N92000002,Northern Ireland,nation,2020-03-10,0,,
N92000002,Northern Ireland,nation,2020-03-09,3,,
N92000002,Northern Ireland,nation,2020-03-08,5,,
N92000002,Northern Ireland,nation,2020-03-07,2,,
N92000002,Northern Ireland,nation,2020-03-06,2,,
S92000003,Scotland,nation,2021-04-21,273,,
S92000003,Scotland,nation,2021-04-20,178,0,24349
S92000003,Scotland,nation,2021-04-19,232,0,14868
S92000003,Scotland,nation,2021-04-18,211,0,10649
S92000003,Scotland,nation,2021-04-17,210,0,15097
S92000003,Scotland,nation,2021-04-16,204,0,19331
S92000003,Scotland,nation,2021-04-15,237,1,18125
S92000003,Scotland,nation,2021-04-14,278,3,23580
S92000003,Scotland,nation,2021-04-13,221,0,24794
S92000003,Scotland,nation,2021-04-12,199,0,15354
S92000003,Scotland,nation,2021-04-11,250,2,9797
S92000003,Scotland,nation,2021-04-10,281,3,15916
S92000003,Scotland,nation,2021-04-09,285,1,22183
S92000003,Scotland,nation,2021-04-08,364,1,20720
S92000003,Scotland,nation,2021-04-07,289,2,26582
S92000003,Scotland,nation,2021-04-06,259,2,22093
S92000003,Scotland,nation,2021-04-05,248,4,14268
S92000003,Scotland,nation,2021-04-04,343,1,11373
S92000003,Scotland,nation,2021-04-03,397,2,14164
S92000003,Scotland,nation,2021-04-02,414,2,21560
S92000003,Scotland,nation,2021-04-01,400,1,23818
S92000003,Scotland,nation,2021-03-31,542,2,25956
S92000003,Scotland,nation,2021-03-30,411,2,28144
S92000003,Scotland,nation,2021-03-29,352,5,17468
S92000003,Scotland,nation,2021-03-28,422,5,12456
S92000003,Scotland,nation,2021-03-27,563,5,17627
S92000003,Scotland,nation,2021-03-26,543,5,25519
S92000003,Scotland,nation,2021-03-25,701,7,24886
S92000003,Scotland,nation,2021-03-24,692,4,31946
S92000003,Scotland,nation,2021-03-23,495,3,25694
S92000003,Scotland,nation,2021-03-22,359,3,15217
S92000003,Scotland,nation,2021-03-21,532,4,10759
S92000003,Scotland,nation,2021-03-20,488,5,21010
S92000003,Scotland,nation,2021-03-19,655,6,19947
S92000003,Scotland,nation,2021-03-18,624,3,25080
S92000003,Scotland,nation,2021-03-17,625,8,26282
S92000003,Scotland,nation,2021-03-16,597,11,23451
S92000003,Scotland,nation,2021-03-15,456,1,17208
S92000003,Scotland,nation,2021-03-14,484,7,11261
S92000003,Scotland,nation,2021-03-13,639,4,16261
S92000003,Scotland,nation,2021-03-12,682,6,23284
S92000003,Scotland,nation,2021-03-11,591,7,22596
S92000003,Scotland,nation,2021-03-10,691,5,26761
S92000003,Scotland,nation,2021-03-09,466,10,24998
S92000003,Scotland,nation,2021-03-08,501,15,16342
S92000003,Scotland,nation,2021-03-07,390,10,11529
S92000003,Scotland,nation,2021-03-06,555,10,14057
S92000003,Scotland,nation,2021-03-05,498,8,22992
S92000003,Scotland,nation,2021-03-04,500,14,19132
S92000003,Scotland,nation,2021-03-03,543,11,24723
S92000003,Scotland,nation,2021-03-02,542,13,24377
S92000003,Scotland,nation,2021-03-01,386,20,14537
S92000003,Scotland,nation,2021-02-28,572,9,9982
S92000003,Scotland,nation,2021-02-27,525,18,17663
S92000003,Scotland,nation,2021-02-26,581,16,19615
S92000003,Scotland,nation,2021-02-25,769,20,20410
S92000003,Scotland,nation,2021-02-24,798,17,24589
S92000003,Scotland,nation,2021-02-23,655,16,23519
S92000003,Scotland,nation,2021-02-22,715,22,16031
S92000003,Scotland,nation,2021-02-21,827,20,12359
S92000003,Scotland,nation,2021-02-20,803,27,17955
S92000003,Scotland,nation,2021-02-19,885,44,19882
S92000003,Scotland,nation,2021-02-18,685,34,23231
S92000003,Scotland,nation,2021-02-17,1121,28,21280
S92000003,Scotland,nation,2021-02-16,773,25,24343
S92000003,Scotland,nation,2021-02-15,559,34,14568
S92000003,Scotland,nation,2021-02-14,903,33,9943
S92000003,Scotland,nation,2021-02-13,908,32,13808
S92000003,Scotland,nation,2021-02-12,830,41,22259
S92000003,Scotland,nation,2021-02-11,830,34,19184
S92000003,Scotland,nation,2021-02-10,803,37,24121
S92000003,Scotland,nation,2021-02-09,822,48,19469
S92000003,Scotland,nation,2021-02-08,928,41,13184
S92000003,Scotland,nation,2021-02-07,584,42,16583
S92000003,Scotland,nation,2021-02-06,895,51,9479
S92000003,Scotland,nation,2021-02-05,895,44,17940
S92000003,Scotland,nation,2021-02-04,1149,32,21943
S92000003,Scotland,nation,2021-02-03,978,48,27668
S92000003,Scotland,nation,2021-02-02,758,42,22807
S92000003,Scotland,nation,2021-02-01,848,43,12731
S92000003,Scotland,nation,2021-01-31,1003,47,10511
S92000003,Scotland,nation,2021-01-30,994,44,14163
S92000003,Scotland,nation,2021-01-29,1155,58,22056
S92000003,Scotland,nation,2021-01-28,1201,47,23330
S92000003,Scotland,nation,2021-01-27,1330,60,25955
S92000003,Scotland,nation,2021-01-26,1049,52,26551
S92000003,Scotland,nation,2021-01-25,752,52,13819
S92000003,Scotland,nation,2021-01-24,1195,70,10326
S92000003,Scotland,nation,2021-01-23,1307,53,19339
S92000003,Scotland,nation,2021-01-22,1480,67,20393
S92000003,Scotland,nation,2021-01-21,1636,57,26054
S92000003,Scotland,nation,2021-01-20,1656,66,27873
S92000003,Scotland,nation,2021-01-19,1165,70,25476
S92000003,Scotland,nation,2021-01-18,1429,63,13193
S92000003,Scotland,nation,2021-01-17,1341,43,13294
S92000003,Scotland,nation,2021-01-16,1753,76,16256
S92000003,Scotland,nation,2021-01-15,2160,58,24314
S92000003,Scotland,nation,2021-01-14,1707,57,34932
S92000003,Scotland,nation,2021-01-13,1949,51,25381
S92000003,Scotland,nation,2021-01-12,1875,51,23432
S92000003,Scotland,nation,2021-01-11,1782,48,17517
S92000003,Scotland,nation,2021-01-10,1877,59,17730
S92000003,Scotland,nation,2021-01-09,1865,38,20968
S92000003,Scotland,nation,2021-01-08,2309,42,26352
S92000003,Scotland,nation,2021-01-07,2649,44,31444
S92000003,Scotland,nation,2021-01-06,2039,48,26966
S92000003,Scotland,nation,2021-01-05,2529,40,21101
S92000003,Scotland,nation,2021-01-04,1905,37,18336
S92000003,Scotland,nation,2021-01-03,2464,42,13810
S92000003,Scotland,nation,2021-01-02,2137,42,17328
S92000003,Scotland,nation,2021-01-01,2539,35,21451
S92000003,Scotland,nation,2020-12-31,2622,44,28313
S92000003,Scotland,nation,2020-12-30,2045,32,28295
S92000003,Scotland,nation,2020-12-29,1895,26,19722
S92000003,Scotland,nation,2020-12-28,967,30,14179
S92000003,Scotland,nation,2020-12-27,740,34,8819
S92000003,Scotland,nation,2020-12-26,1149,34,6793
S92000003,Scotland,nation,2020-12-25,1165,35,15411
S92000003,Scotland,nation,2020-12-24,1314,36,30619
S92000003,Scotland,nation,2020-12-23,1190,34,27872
S92000003,Scotland,nation,2020-12-22,1316,28,26530
S92000003,Scotland,nation,2020-12-21,1504,25,19547
S92000003,Scotland,nation,2020-12-20,934,29,28051
S92000003,Scotland,nation,2020-12-19,572,28,20923
S92000003,Scotland,nation,2020-12-18,744,23,15917
S92000003,Scotland,nation,2020-12-17,858,36,20702
S92000003,Scotland,nation,2020-12-16,689,31,22452
S92000003,Scotland,nation,2020-12-15,845,32,13825
S92000003,Scotland,nation,2020-12-14,734,31,13142
S92000003,Scotland,nation,2020-12-13,800,26,10914
S92000003,Scotland,nation,2020-12-12,1064,23,17236
S92000003,Scotland,nation,2020-12-11,1001,20,23295
S92000003,Scotland,nation,2020-12-10,933,23,24924
S92000003,Scotland,nation,2020-12-09,897,23,23498
S92000003,Scotland,nation,2020-12-08,692,28,22269
S92000003,Scotland,nation,2020-12-07,677,29,15201
S92000003,Scotland,nation,2020-12-06,643,29,11521
S92000003,Scotland,nation,2020-12-05,777,19,14790
S92000003,Scotland,nation,2020-12-04,966,28,20723
S92000003,Scotland,nation,2020-12-03,958,36,26867
S92000003,Scotland,nation,2020-12-02,951,20,26233
S92000003,Scotland,nation,2020-12-01,754,27,24173
S92000003,Scotland,nation,2020-11-30,369,32,13039
S92000003,Scotland,nation,2020-11-29,746,28,7285
S92000003,Scotland,nation,2020-11-28,788,41,15405
S92000003,Scotland,nation,2020-11-27,969,24,21494
S92000003,Scotland,nation,2020-11-26,1225,23,26927
S92000003,Scotland,nation,2020-11-25,880,32,29944
S92000003,Scotland,nation,2020-11-24,771,30,15605
S92000003,Scotland,nation,2020-11-23,949,31,11316
S92000003,Scotland,nation,2020-11-22,844,36,13013
S92000003,Scotland,nation,2020-11-21,887,33,19664
S92000003,Scotland,nation,2020-11-20,1018,29,17245
S92000003,Scotland,nation,2020-11-19,1089,26,24468
S92000003,Scotland,nation,2020-11-18,1264,24,27384
S92000003,Scotland,nation,2020-11-17,1248,36,21755
S92000003,Scotland,nation,2020-11-16,717,33,14941
S92000003,Scotland,nation,2020-11-15,1159,34,10093
S92000003,Scotland,nation,2020-11-14,1118,40,18732
S92000003,Scotland,nation,2020-11-13,1357,37,22166
S92000003,Scotland,nation,2020-11-12,1212,32,26995
S92000003,Scotland,nation,2020-11-11,1261,36,22883
S92000003,Scotland,nation,2020-11-10,832,34,22096
S92000003,Scotland,nation,2020-11-09,912,40,10499
S92000003,Scotland,nation,2020-11-08,1115,35,11479
S92000003,Scotland,nation,2020-11-07,1596,37,17229
S92000003,Scotland,nation,2020-11-06,1072,26,29644
S92000003,Scotland,nation,2020-11-05,1216,40,22784
S92000003,Scotland,nation,2020-11-04,1433,19,18777
S92000003,Scotland,nation,2020-11-03,999,34,20420
S92000003,Scotland,nation,2020-11-02,951,28,11124
S92000003,Scotland,nation,2020-11-01,1148,34,11090
S92000003,Scotland,nation,2020-10-31,1101,25,18565
S92000003,Scotland,nation,2020-10-30,1281,35,20570
S92000003,Scotland,nation,2020-10-29,1128,27,25054
S92000003,Scotland,nation,2020-10-28,1202,28,18097
S92000003,Scotland,nation,2020-10-27,1327,16,20129
S92000003,Scotland,nation,2020-10-26,1122,30,17143
S92000003,Scotland,nation,2020-10-25,1303,22,17681
S92000003,Scotland,nation,2020-10-24,1433,20,18026
S92000003,Scotland,nation,2020-10-23,1401,17,18293
S92000003,Scotland,nation,2020-10-22,1712,17,19014
S92000003,Scotland,nation,2020-10-21,1739,11,19690
S92000003,Scotland,nation,2020-10-20,1456,17,20001
S92000003,Scotland,nation,2020-10-19,993,15,14107
S92000003,Scotland,nation,2020-10-18,316,21,16920
S92000003,Scotland,nation,2020-10-17,1167,10,15791
S92000003,Scotland,nation,2020-10-16,1196,19,15089
S92000003,Scotland,nation,2020-10-15,1351,16,21057
S92000003,Scotland,nation,2020-10-14,1429,6,18085
S92000003,Scotland,nation,2020-10-13,1297,11,22152
S92000003,Scotland,nation,2020-10-12,961,8,19573
S92000003,Scotland,nation,2020-10-11,956,10,12994
S92000003,Scotland,nation,2020-10-10,1009,10,18022
S92000003,Scotland,nation,2020-10-09,1246,6,19664
S92000003,Scotland,nation,2020-10-08,1027,11,18890
S92000003,Scotland,nation,2020-10-07,1054,9,18796
S92000003,Scotland,nation,2020-10-06,800,4,17344
S92000003,Scotland,nation,2020-10-05,697,2,13992
S92000003,Scotland,nation,2020-10-04,758,3,15140
S92000003,Scotland,nation,2020-10-03,764,3,14094
S92000003,Scotland,nation,2020-10-02,775,1,22144
S92000003,Scotland,nation,2020-10-01,668,5,17785
S92000003,Scotland,nation,2020-09-30,640,4,14316
S92000003,Scotland,nation,2020-09-29,806,1,15629
S92000003,Scotland,nation,2020-09-28,222,3,13111
S92000003,Scotland,nation,2020-09-27,344,2,12965
S92000003,Scotland,nation,2020-09-26,714,2,17759
S92000003,Scotland,nation,2020-09-25,558,1,17518
S92000003,Scotland,nation,2020-09-24,465,2,16724
S92000003,Scotland,nation,2020-09-23,486,1,15362
S92000003,Scotland,nation,2020-09-22,383,2,11956
S92000003,Scotland,nation,2020-09-21,255,2,12497
S92000003,Scotland,nation,2020-09-20,245,3,12293
S92000003,Scotland,nation,2020-09-19,350,0,14893
S92000003,Scotland,nation,2020-09-18,203,2,24080
S92000003,Scotland,nation,2020-09-17,290,1,17289
S92000003,Scotland,nation,2020-09-16,267,0,18583
S92000003,Scotland,nation,2020-09-15,267,0,12696
S92000003,Scotland,nation,2020-09-14,70,3,17074
S92000003,Scotland,nation,2020-09-13,244,1,12402
S92000003,Scotland,nation,2020-09-12,221,0,18303
S92000003,Scotland,nation,2020-09-11,175,0,18240
S92000003,Scotland,nation,2020-09-10,161,0,12703
S92000003,Scotland,nation,2020-09-09,159,0,17012
S92000003,Scotland,nation,2020-09-08,176,0,14341
S92000003,Scotland,nation,2020-09-07,146,0,19630
S92000003,Scotland,nation,2020-09-06,208,0,12203
S92000003,Scotland,nation,2020-09-05,141,0,18418
S92000003,Scotland,nation,2020-09-04,159,1,15618
S92000003,Scotland,nation,2020-09-03,101,1,18266
S92000003,Scotland,nation,2020-09-02,156,1,20558
S92000003,Scotland,nation,2020-09-01,154,0,27246
S92000003,Scotland,nation,2020-08-31,160,0,21798
S92000003,Scotland,nation,2020-08-30,123,0,26318
S92000003,Scotland,nation,2020-08-29,88,0,26786
S92000003,Scotland,nation,2020-08-28,51,1,21112
S92000003,Scotland,nation,2020-08-27,68,0,15654
S92000003,Scotland,nation,2020-08-26,67,0,24255
S92000003,Scotland,nation,2020-08-25,44,0,22140
S92000003,Scotland,nation,2020-08-24,66,0,16909
S92000003,Scotland,nation,2020-08-23,83,1,12438
S92000003,Scotland,nation,2020-08-22,123,1,18794
S92000003,Scotland,nation,2020-08-21,71,0,15096
S92000003,Scotland,nation,2020-08-20,77,0,15319
S92000003,Scotland,nation,2020-08-19,50,1,16901
S92000003,Scotland,nation,2020-08-18,49,0,10618
S92000003,Scotland,nation,2020-08-17,26,0,11549
S92000003,Scotland,nation,2020-08-16,43,0,10204
S92000003,Scotland,nation,2020-08-15,51,0,11365
S92000003,Scotland,nation,2020-08-14,65,0,15323
S92000003,Scotland,nation,2020-08-13,47,0,13991
S92000003,Scotland,nation,2020-08-12,47,0,12527
S92000003,Scotland,nation,2020-08-11,52,0,11878
S92000003,Scotland,nation,2020-08-10,29,0,9585
S92000003,Scotland,nation,2020-08-09,48,0,10319
S92000003,Scotland,nation,2020-08-08,60,0,12291
S92000003,Scotland,nation,2020-08-07,43,0,14637
S92000003,Scotland,nation,2020-08-06,66,0,13257
S92000003,Scotland,nation,2020-08-05,64,0,15918
S92000003,Scotland,nation,2020-08-04,23,0,11780
S92000003,Scotland,nation,2020-08-03,18,0,5879
S92000003,Scotland,nation,2020-08-02,31,0,6678
S92000003,Scotland,nation,2020-08-01,18,0,8243
S92000003,Scotland,nation,2020-07-31,30,0,15382
S92000003,Scotland,nation,2020-07-30,17,0,15307
S92000003,Scotland,nation,2020-07-29,22,0,13208
S92000003,Scotland,nation,2020-07-28,4,0,9560
S92000003,Scotland,nation,2020-07-27,3,0,6690
S92000003,Scotland,nation,2020-07-26,4,0,4315
S92000003,Scotland,nation,2020-07-25,27,1,9106
S92000003,Scotland,nation,2020-07-24,20,0,14774
S92000003,Scotland,nation,2020-07-23,16,0,16338
S92000003,Scotland,nation,2020-07-22,10,0,11570
S92000003,Scotland,nation,2020-07-21,22,0,9720
S92000003,Scotland,nation,2020-07-20,7,0,6128
S92000003,Scotland,nation,2020-07-19,23,0,4106
S92000003,Scotland,nation,2020-07-18,21,0,12137
S92000003,Scotland,nation,2020-07-17,17,0,16547
S92000003,Scotland,nation,2020-07-16,11,0,14656
S92000003,Scotland,nation,2020-07-15,5,0,7311
S92000003,Scotland,nation,2020-07-14,3,0,6837
S92000003,Scotland,nation,2020-07-13,6,0,4908
S92000003,Scotland,nation,2020-07-12,19,0,4473
S92000003,Scotland,nation,2020-07-11,7,0,11441
S92000003,Scotland,nation,2020-07-10,18,0,9300
S92000003,Scotland,nation,2020-07-09,6,0,17573
S92000003,Scotland,nation,2020-07-08,7,0,10608
S92000003,Scotland,nation,2020-07-07,2,0,5822
S92000003,Scotland,nation,2020-07-06,4,0,4042
S92000003,Scotland,nation,2020-07-05,9,1,3526
S92000003,Scotland,nation,2020-07-04,11,0,3750
S92000003,Scotland,nation,2020-07-03,12,1,5356
S92000003,Scotland,nation,2020-07-02,5,0,5090
S92000003,Scotland,nation,2020-07-01,8,0,4688
S92000003,Scotland,nation,2020-06-30,10,0,4365
S92000003,Scotland,nation,2020-06-29,5,1,4210
S92000003,Scotland,nation,2020-06-28,8,1,3530
S92000003,Scotland,nation,2020-06-27,15,4,3738
S92000003,Scotland,nation,2020-06-26,17,0,4457
S92000003,Scotland,nation,2020-06-25,5,0,5386
S92000003,Scotland,nation,2020-06-24,9,1,4253
S92000003,Scotland,nation,2020-06-23,12,1,4863
S92000003,Scotland,nation,2020-06-22,14,3,4175
S92000003,Scotland,nation,2020-06-21,26,2,3416
S92000003,Scotland,nation,2020-06-20,26,3,3813
S92000003,Scotland,nation,2020-06-19,27,0,4558
S92000003,Scotland,nation,2020-06-18,11,3,4653
S92000003,Scotland,nation,2020-06-17,21,3,5253
S92000003,Scotland,nation,2020-06-16,15,6,5033
S92000003,Scotland,nation,2020-06-15,29,3,4735
S92000003,Scotland,nation,2020-06-14,25,4,3976
S92000003,Scotland,nation,2020-06-13,21,3,4417
S92000003,Scotland,nation,2020-06-12,27,2,5736
S92000003,Scotland,nation,2020-06-11,17,2,5377
S92000003,Scotland,nation,2020-06-10,12,5,5673
S92000003,Scotland,nation,2020-06-09,14,1,4747
S92000003,Scotland,nation,2020-06-08,18,6,4562
S92000003,Scotland,nation,2020-06-07,18,7,3425
S92000003,Scotland,nation,2020-06-06,21,3,3944
S92000003,Scotland,nation,2020-06-05,29,9,4974
S92000003,Scotland,nation,2020-06-04,49,1,5526
S92000003,Scotland,nation,2020-06-03,33,8,5202
S92000003,Scotland,nation,2020-06-02,53,6,4791
S92000003,Scotland,nation,2020-06-01,18,3,4406
S92000003,Scotland,nation,2020-05-31,18,6,2729
S92000003,Scotland,nation,2020-05-30,55,6,3229
S92000003,Scotland,nation,2020-05-29,39,11,4325
S92000003,Scotland,nation,2020-05-28,48,16,5472
S92000003,Scotland,nation,2020-05-27,55,16,5000
S92000003,Scotland,nation,2020-05-26,29,14,5178
S92000003,Scotland,nation,2020-05-25,55,14,4425
S92000003,Scotland,nation,2020-05-24,60,8,4742
S92000003,Scotland,nation,2020-05-23,72,11,4111
S92000003,Scotland,nation,2020-05-22,113,17,5406
S92000003,Scotland,nation,2020-05-21,105,24,5742
S92000003,Scotland,nation,2020-05-20,96,22,6518
S92000003,Scotland,nation,2020-05-19,61,28,6352
S92000003,Scotland,nation,2020-05-18,57,23,4559
S92000003,Scotland,nation,2020-05-17,90,26,3475
S92000003,Scotland,nation,2020-05-16,187,29,4721
S92000003,Scotland,nation,2020-05-15,143,26,6519
S92000003,Scotland,nation,2020-05-14,188,35,5213
S92000003,Scotland,nation,2020-05-13,166,42,5829
S92000003,Scotland,nation,2020-05-12,136,31,5108
S92000003,Scotland,nation,2020-05-11,141,32,4083
S92000003,Scotland,nation,2020-05-10,181,28,3584
S92000003,Scotland,nation,2020-05-09,156,34,3792
S92000003,Scotland,nation,2020-05-08,225,34,4397
S92000003,Scotland,nation,2020-05-07,215,40,4732
S92000003,Scotland,nation,2020-05-06,272,43,5079
S92000003,Scotland,nation,2020-05-05,171,50,4683
S92000003,Scotland,nation,2020-05-04,169,40,3923
S92000003,Scotland,nation,2020-05-03,170,37,3794
S92000003,Scotland,nation,2020-05-02,273,44,3720
S92000003,Scotland,nation,2020-05-01,301,48,5313
S92000003,Scotland,nation,2020-04-30,319,43,4661
S92000003,Scotland,nation,2020-04-29,313,38,4422
S92000003,Scotland,nation,2020-04-28,200,40,3471
S92000003,Scotland,nation,2020-04-27,197,60,2627
S92000003,Scotland,nation,2020-04-26,273,43,2608
S92000003,Scotland,nation,2020-04-25,354,48,2098
S92000003,Scotland,nation,2020-04-24,288,38,2222
S92000003,Scotland,nation,2020-04-23,371,49,1772
S92000003,Scotland,nation,2020-04-22,366,46,2184
S92000003,Scotland,nation,2020-04-21,222,51,2224
S92000003,Scotland,nation,2020-04-20,263,61,1401
S92000003,Scotland,nation,2020-04-19,367,46,1332
S92000003,Scotland,nation,2020-04-18,411,52,1709
S92000003,Scotland,nation,2020-04-17,307,38,2015
S92000003,Scotland,nation,2020-04-16,354,43,1682
S92000003,Scotland,nation,2020-04-15,390,42,1836
S92000003,Scotland,nation,2020-04-14,291,51,1734
S92000003,Scotland,nation,2020-04-13,155,41,1429
S92000003,Scotland,nation,2020-04-12,322,47,957
S92000003,Scotland,nation,2020-04-11,315,51,1617
S92000003,Scotland,nation,2020-04-10,318,58,1787
S92000003,Scotland,nation,2020-04-09,392,66,1567
S92000003,Scotland,nation,2020-04-08,336,54,1774
S92000003,Scotland,nation,2020-04-07,268,49,1709
S92000003,Scotland,nation,2020-04-06,255,63,1221
S92000003,Scotland,nation,2020-04-05,361,47,1048
S92000003,Scotland,nation,2020-04-04,344,28,3018
S92000003,Scotland,nation,2020-04-03,399,58,1522
S92000003,Scotland,nation,2020-04-02,292,36,1526
S92000003,Scotland,nation,2020-04-01,317,46,1118
S92000003,Scotland,nation,2020-03-31,430,38,1710
S92000003,Scotland,nation,2020-03-30,179,30,
S92000003,Scotland,nation,2020-03-29,139,20,
S92000003,Scotland,nation,2020-03-28,186,29,
S92000003,Scotland,nation,2020-03-27,165,11,
S92000003,Scotland,nation,2020-03-26,175,12,
S92000003,Scotland,nation,2020-03-25,135,11,
S92000003,Scotland,nation,2020-03-24,85,7,
S92000003,Scotland,nation,2020-03-23,83,4,
S92000003,Scotland,nation,2020-03-22,43,5,
S92000003,Scotland,nation,2020-03-21,51,6,
S92000003,Scotland,nation,2020-03-20,56,5,
S92000003,Scotland,nation,2020-03-19,39,3,
S92000003,Scotland,nation,2020-03-18,32,0,
S92000003,Scotland,nation,2020-03-17,24,2,
S92000003,Scotland,nation,2020-03-16,18,1,
S92000003,Scotland,nation,2020-03-15,32,0,
S92000003,Scotland,nation,2020-03-14,36,2,
S92000003,Scotland,nation,2020-03-13,25,0,
S92000003,Scotland,nation,2020-03-12,24,1,
S92000003,Scotland,nation,2020-03-11,9,,
S92000003,Scotland,nation,2020-03-10,4,,
S92000003,Scotland,nation,2020-03-09,5,,
S92000003,Scotland,nation,2020-03-08,2,,
S92000003,Scotland,nation,2020-03-07,5,,
S92000003,Scotland,nation,2020-03-06,5,,
S92000003,Scotland,nation,2020-03-05,3,,
S92000003,Scotland,nation,2020-03-04,2,,
S92000003,Scotland,nation,2020-03-03,0,,
S92000003,Scotland,nation,2020-03-02,1,,
W92000004,Wales,nation,2021-04-21,64,,
W92000004,Wales,nation,2021-04-20,53,0,6315
W92000004,Wales,nation,2021-04-19,102,0,5472
W92000004,Wales,nation,2021-04-18,94,1,18774
W92000004,Wales,nation,2021-04-17,0,2,0
W92000004,Wales,nation,2021-04-16,48,0,12585
W92000004,Wales,nation,2021-04-15,105,1,10828
W92000004,Wales,nation,2021-04-14,62,3,13035
W92000004,Wales,nation,2021-04-13,69,0,6216
W92000004,Wales,nation,2021-04-12,50,2,5684
W92000004,Wales,nation,2021-04-11,53,0,8234
W92000004,Wales,nation,2021-04-10,130,2,7614
W92000004,Wales,nation,2021-04-09,114,2,16891
W92000004,Wales,nation,2021-04-08,82,1,14030
W92000004,Wales,nation,2021-04-07,82,0,8150
W92000004,Wales,nation,2021-04-06,126,2,5081
W92000004,Wales,nation,2021-04-05,189,1,10539
W92000004,Wales,nation,2021-04-04,0,0,0
W92000004,Wales,nation,2021-04-03,95,0,24051
W92000004,Wales,nation,2021-04-02,0,5,0
W92000004,Wales,nation,2021-04-01,188,2,11410
W92000004,Wales,nation,2021-03-31,60,0,14550
W92000004,Wales,nation,2021-03-30,94,0,4589
W92000004,Wales,nation,2021-03-29,125,2,6506
W92000004,Wales,nation,2021-03-28,171,1,9744
W92000004,Wales,nation,2021-03-27,201,1,13013
W92000004,Wales,nation,2021-03-26,190,1,13970
W92000004,Wales,nation,2021-03-25,227,1,14876
W92000004,Wales,nation,2021-03-24,159,2,15351
W92000004,Wales,nation,2021-03-23,127,1,8700
W92000004,Wales,nation,2021-03-22,150,3,5211
W92000004,Wales,nation,2021-03-21,196,3,9993
W92000004,Wales,nation,2021-03-20,208,0,12157
W92000004,Wales,nation,2021-03-19,201,7,12920
W92000004,Wales,nation,2021-03-18,297,2,14639
W92000004,Wales,nation,2021-03-17,145,5,15379
W92000004,Wales,nation,2021-03-16,142,3,6915
W92000004,Wales,nation,2021-03-15,248,4,5347
W92000004,Wales,nation,2021-03-14,217,8,10140
W92000004,Wales,nation,2021-03-13,210,4,11099
W92000004,Wales,nation,2021-03-12,190,4,12289
W92000004,Wales,nation,2021-03-11,195,2,14029
W92000004,Wales,nation,2021-03-10,225,7,12311
W92000004,Wales,nation,2021-03-09,166,4,7635
W92000004,Wales,nation,2021-03-08,164,6,5590
W92000004,Wales,nation,2021-03-07,152,6,8866
W92000004,Wales,nation,2021-03-06,195,8,11013
W92000004,Wales,nation,2021-03-05,230,4,12049
W92000004,Wales,nation,2021-03-04,267,8,12362
W92000004,Wales,nation,2021-03-03,208,6,11728
W92000004,Wales,nation,2021-03-02,170,13,6748
W92000004,Wales,nation,2021-03-01,193,10,5119
W92000004,Wales,nation,2021-02-28,247,3,8600
W92000004,Wales,nation,2021-02-27,198,12,10226
W92000004,Wales,nation,2021-02-26,308,13,11909
W92000004,Wales,nation,2021-02-25,312,14,13878
W92000004,Wales,nation,2021-02-24,236,12,10887
W92000004,Wales,nation,2021-02-23,317,14,5782
W92000004,Wales,nation,2021-02-22,319,13,6300
W92000004,Wales,nation,2021-02-21,336,15,9822
W92000004,Wales,nation,2021-02-20,363,15,11070
W92000004,Wales,nation,2021-02-19,533,18,12731
W92000004,Wales,nation,2021-02-18,290,11,15667
W92000004,Wales,nation,2021-02-17,374,13,9453
W92000004,Wales,nation,2021-02-16,275,12,6610
W92000004,Wales,nation,2021-02-15,363,18,5363
W92000004,Wales,nation,2021-02-14,394,21,8660
W92000004,Wales,nation,2021-02-13,400,19,11275
W92000004,Wales,nation,2021-02-12,608,25,12932
W92000004,Wales,nation,2021-02-11,410,16,14490
W92000004,Wales,nation,2021-02-10,323,20,10711
W92000004,Wales,nation,2021-02-09,351,18,5728
W92000004,Wales,nation,2021-02-08,610,17,6446
W92000004,Wales,nation,2021-02-07,461,18,11013
W92000004,Wales,nation,2021-02-06,675,27,13207
W92000004,Wales,nation,2021-02-05,399,23,19318
W92000004,Wales,nation,2021-02-04,544,22,7996
W92000004,Wales,nation,2021-02-03,455,27,11543
W92000004,Wales,nation,2021-02-02,614,33,6667
W92000004,Wales,nation,2021-02-01,630,29,6900
W92000004,Wales,nation,2021-01-31,605,22,12269
W92000004,Wales,nation,2021-01-30,737,22,11232
W92000004,Wales,nation,2021-01-29,546,42,15565
W92000004,Wales,nation,2021-01-28,705,29,13228
W92000004,Wales,nation,2021-01-27,537,22,12007
W92000004,Wales,nation,2021-01-26,570,37,6451
W92000004,Wales,nation,2021-01-25,872,27,7201
W92000004,Wales,nation,2021-01-24,796,34,12919
W92000004,Wales,nation,2021-01-23,1079,33,13224
W92000004,Wales,nation,2021-01-22,801,39,15780
W92000004,Wales,nation,2021-01-21,1153,34,14968
W92000004,Wales,nation,2021-01-20,1283,38,13057
W92000004,Wales,nation,2021-01-19,1106,26,10259
W92000004,Wales,nation,2021-01-18,1332,43,10531
W92000004,Wales,nation,2021-01-17,1172,26,13652
W92000004,Wales,nation,2021-01-16,1129,40,15126
W92000004,Wales,nation,2021-01-15,1808,42,15396
W92000004,Wales,nation,2021-01-14,1644,54,18970
W92000004,Wales,nation,2021-01-13,1533,43,15511
W92000004,Wales,nation,2021-01-12,1332,48,11176
W92000004,Wales,nation,2021-01-11,1793,54,10980
W92000004,Wales,nation,2021-01-10,1660,40,16721
W92000004,Wales,nation,2021-01-09,2373,34,18110
W92000004,Wales,nation,2021-01-08,2487,45,19332
W92000004,Wales,nation,2021-01-07,1718,41,18712
W92000004,Wales,nation,2021-01-06,2238,48,12755
W92000004,Wales,nation,2021-01-05,2069,40,12493
W92000004,Wales,nation,2021-01-04,1898,37,12656
W92000004,Wales,nation,2021-01-03,4011,53,12974
W92000004,Wales,nation,2021-01-02,2764,34,35742
W92000004,Wales,nation,2021-01-01,0,58,0
W92000004,Wales,nation,2020-12-31,1831,51,14816
W92000004,Wales,nation,2020-12-30,2281,50,11194
W92000004,Wales,nation,2020-12-29,2510,41,10790
W92000004,Wales,nation,2020-12-28,2273,49,11349
W92000004,Wales,nation,2020-12-27,4142,29,15078
W92000004,Wales,nation,2020-12-26,2237,43,36994
W92000004,Wales,nation,2020-12-25,0,33,0
W92000004,Wales,nation,2020-12-24,2161,45,17242
W92000004,Wales,nation,2020-12-23,3013,34,15621
W92000004,Wales,nation,2020-12-22,2761,35,19099
W92000004,Wales,nation,2020-12-21,2563,37,20479
W92000004,Wales,nation,2020-12-20,2334,35,18623
W92000004,Wales,nation,2020-12-19,3065,34,17201
W92000004,Wales,nation,2020-12-18,2801,48,19645
W92000004,Wales,nation,2020-12-17,11468,48,19607
W92000004,Wales,nation,2020-12-16,530,34,65065
W92000004,Wales,nation,2020-12-15,615,33,6193
W92000004,Wales,nation,2020-12-14,1228,30,6726
W92000004,Wales,nation,2020-12-13,0,22,9303
W92000004,Wales,nation,2020-12-12,2494,33,0
W92000004,Wales,nation,2020-12-11,2234,26,19838
W92000004,Wales,nation,2020-12-10,1968,33,17313
W92000004,Wales,nation,2020-12-09,2238,25,13888
W92000004,Wales,nation,2020-12-08,780,25,13172
W92000004,Wales,nation,2020-12-07,2021,20,9260
W92000004,Wales,nation,2020-12-06,1916,25,16662
W92000004,Wales,nation,2020-12-05,1645,20,19577
W92000004,Wales,nation,2020-12-04,1471,26,17339
W92000004,Wales,nation,2020-12-03,1473,27,15217
W92000004,Wales,nation,2020-12-02,1480,22,14212
W92000004,Wales,nation,2020-12-01,667,19,11047
W92000004,Wales,nation,2020-11-30,802,17,7372
W92000004,Wales,nation,2020-11-29,1004,26,12669
W92000004,Wales,nation,2020-11-28,1445,32,14400
W92000004,Wales,nation,2020-11-27,1105,26,16798
W92000004,Wales,nation,2020-11-26,1251,30,12708
W92000004,Wales,nation,2020-11-25,907,17,14564
W92000004,Wales,nation,2020-11-24,595,18,8917
W92000004,Wales,nation,2020-11-23,892,25,7962
W92000004,Wales,nation,2020-11-22,808,27,11916
W92000004,Wales,nation,2020-11-21,1016,28,14005
W92000004,Wales,nation,2020-11-20,1020,21,13846
W92000004,Wales,nation,2020-11-19,1048,26,13292
W92000004,Wales,nation,2020-11-18,638,18,11809
W92000004,Wales,nation,2020-11-17,705,29,6918
W92000004,Wales,nation,2020-11-16,892,23,8392
W92000004,Wales,nation,2020-11-15,1333,25,12515
W92000004,Wales,nation,2020-11-14,933,19,15630
W92000004,Wales,nation,2020-11-13,797,30,12241
W92000004,Wales,nation,2020-11-12,867,28,9129
W92000004,Wales,nation,2020-11-11,928,29,8734
W92000004,Wales,nation,2020-11-10,444,28,8297
W92000004,Wales,nation,2020-11-09,931,29,7411
W92000004,Wales,nation,2020-11-08,744,29,11894
W92000004,Wales,nation,2020-11-07,958,15,12106
W92000004,Wales,nation,2020-11-06,1352,26,11252
W92000004,Wales,nation,2020-11-05,1272,31,13241
W92000004,Wales,nation,2020-11-04,1202,22,10962
W92000004,Wales,nation,2020-11-03,1119,23,8012
W92000004,Wales,nation,2020-11-02,1646,17,10212
W92000004,Wales,nation,2020-11-01,819,28,13842
W92000004,Wales,nation,2020-10-31,1301,12,7280
W92000004,Wales,nation,2020-10-30,1737,14,11899
W92000004,Wales,nation,2020-10-29,1375,21,12665
W92000004,Wales,nation,2020-10-28,1414,11,10670
W92000004,Wales,nation,2020-10-27,1207,23,8854
W92000004,Wales,nation,2020-10-26,1158,15,9798
W92000004,Wales,nation,2020-10-25,1104,16,14686
W92000004,Wales,nation,2020-10-24,1324,15,11217
W92000004,Wales,nation,2020-10-23,761,11,14518
W92000004,Wales,nation,2020-10-22,1134,28,10719
W92000004,Wales,nation,2020-10-21,962,13,10492
W92000004,Wales,nation,2020-10-20,1148,4,9464
W92000004,Wales,nation,2020-10-19,626,13,12455
W92000004,Wales,nation,2020-10-18,950,11,10914
W92000004,Wales,nation,2020-10-17,674,4,12431
W92000004,Wales,nation,2020-10-16,979,6,8849
W92000004,Wales,nation,2020-10-15,727,7,9823
W92000004,Wales,nation,2020-10-14,946,7,8808
W92000004,Wales,nation,2020-10-13,764,8,9726
W92000004,Wales,nation,2020-10-12,487,4,11645
W92000004,Wales,nation,2020-10-11,467,4,10971
W92000004,Wales,nation,2020-10-10,627,3,9347
W92000004,Wales,nation,2020-10-09,766,6,9857
W92000004,Wales,nation,2020-10-08,638,6,12539
W92000004,Wales,nation,2020-10-07,752,11,9966
W92000004,Wales,nation,2020-10-06,425,4,10518
W92000004,Wales,nation,2020-10-05,596,10,10204
W92000004,Wales,nation,2020-10-04,432,3,10665
W92000004,Wales,nation,2020-10-03,576,8,8966
W92000004,Wales,nation,2020-10-02,462,2,10988
W92000004,Wales,nation,2020-10-01,398,5,9524
W92000004,Wales,nation,2020-09-30,388,4,9137
W92000004,Wales,nation,2020-09-29,366,4,7819
W92000004,Wales,nation,2020-09-28,286,3,9806
W92000004,Wales,nation,2020-09-27,362,3,10886
W92000004,Wales,nation,2020-09-26,370,2,11737
W92000004,Wales,nation,2020-09-25,320,1,11258
W92000004,Wales,nation,2020-09-24,348,0,10854
W92000004,Wales,nation,2020-09-23,389,3,11030
W92000004,Wales,nation,2020-09-22,281,3,9610
W92000004,Wales,nation,2020-09-21,234,1,9780
W92000004,Wales,nation,2020-09-20,199,1,9850
W92000004,Wales,nation,2020-09-19,212,0,8784
W92000004,Wales,nation,2020-09-18,185,0,9751
W92000004,Wales,nation,2020-09-17,168,2,10784
W92000004,Wales,nation,2020-09-16,199,2,9797
W92000004,Wales,nation,2020-09-15,110,2,9831
W92000004,Wales,nation,2020-09-14,183,0,7902
W92000004,Wales,nation,2020-09-13,162,1,9967
W92000004,Wales,nation,2020-09-12,164,0,11224
W92000004,Wales,nation,2020-09-11,133,1,10337
W92000004,Wales,nation,2020-09-10,102,0,8751
W92000004,Wales,nation,2020-09-09,165,0,7799
W92000004,Wales,nation,2020-09-08,150,0,9607
W92000004,Wales,nation,2020-09-07,133,0,7171
W92000004,Wales,nation,2020-09-06,98,0,5881
W92000004,Wales,nation,2020-09-05,77,0,6514
W92000004,Wales,nation,2020-09-04,51,0,6549
W92000004,Wales,nation,2020-09-03,50,1,6831
W92000004,Wales,nation,2020-09-02,42,0,5938
W92000004,Wales,nation,2020-09-01,51,0,6776
W92000004,Wales,nation,2020-08-31,39,2,4733
W92000004,Wales,nation,2020-08-30,56,0,4423
W92000004,Wales,nation,2020-08-29,40,0,6521
W92000004,Wales,nation,2020-08-28,34,0,5039
W92000004,Wales,nation,2020-08-27,35,0,4704
W92000004,Wales,nation,2020-08-26,34,0,5194
W92000004,Wales,nation,2020-08-25,28,0,4910
W92000004,Wales,nation,2020-08-24,19,1,5806
W92000004,Wales,nation,2020-08-23,20,0,4921
W92000004,Wales,nation,2020-08-22,34,1,5023
W92000004,Wales,nation,2020-08-21,34,0,5021
W92000004,Wales,nation,2020-08-20,19,0,4443
W92000004,Wales,nation,2020-08-19,21,0,3962
W92000004,Wales,nation,2020-08-18,24,2,5979
W92000004,Wales,nation,2020-08-17,14,0,5460
W92000004,Wales,nation,2020-08-16,18,0,7035
W92000004,Wales,nation,2020-08-15,27,0,6762
W92000004,Wales,nation,2020-08-14,18,1,5733
W92000004,Wales,nation,2020-08-13,15,1,5455
W92000004,Wales,nation,2020-08-12,8,1,4272
W92000004,Wales,nation,2020-08-11,13,0,6146
W92000004,Wales,nation,2020-08-10,12,2,7773
W92000004,Wales,nation,2020-08-09,26,0,6809
W92000004,Wales,nation,2020-08-08,19,2,6586
W92000004,Wales,nation,2020-08-07,17,5,5516
W92000004,Wales,nation,2020-08-06,15,0,5019
W92000004,Wales,nation,2020-08-05,14,3,4021
W92000004,Wales,nation,2020-08-04,22,4,4553
W92000004,Wales,nation,2020-08-03,24,1,4661
W92000004,Wales,nation,2020-08-02,37,2,7214
W92000004,Wales,nation,2020-08-01,21,2,6817
W92000004,Wales,nation,2020-07-31,26,4,8246
W92000004,Wales,nation,2020-07-30,9,2,5491
W92000004,Wales,nation,2020-07-29,32,4,4822
W92000004,Wales,nation,2020-07-28,21,2,3640
W92000004,Wales,nation,2020-07-27,45,1,5009
W92000004,Wales,nation,2020-07-26,22,2,7546
W92000004,Wales,nation,2020-07-25,30,2,6869
W92000004,Wales,nation,2020-07-24,45,1,5865
W92000004,Wales,nation,2020-07-23,43,0,6097
W92000004,Wales,nation,2020-07-22,22,1,4213
W92000004,Wales,nation,2020-07-21,22,1,2444
W92000004,Wales,nation,2020-07-20,15,0,5313
W92000004,Wales,nation,2020-07-19,31,0,6875
W92000004,Wales,nation,2020-07-18,10,0,
W92000004,Wales,nation,2020-07-17,16,0,2910
W92000004,Wales,nation,2020-07-16,18,1,3409
W92000004,Wales,nation,2020-07-15,18,0,4319
W92000004,Wales,nation,2020-07-14,21,1,3966
W92000004,Wales,nation,2020-07-13,11,2,4379
W92000004,Wales,nation,2020-07-12,16,0,
W92000004,Wales,nation,2020-07-11,7,1,
W92000004,Wales,nation,2020-07-10,10,0,
W92000004,Wales,nation,2020-07-09,16,1,
W92000004,Wales,nation,2020-07-08,13,1,
W92000004,Wales,nation,2020-07-07,2,1,
W92000004,Wales,nation,2020-07-06,8,2,
W92000004,Wales,nation,2020-07-05,15,2,
W92000004,Wales,nation,2020-07-04,34,2,
W92000004,Wales,nation,2020-07-03,26,0,
W92000004,Wales,nation,2020-07-02,41,3,
W92000004,Wales,nation,2020-07-01,32,4,
W92000004,Wales,nation,2020-06-30,26,4,
W92000004,Wales,nation,2020-06-29,116,3,
W92000004,Wales,nation,2020-06-28,25,2,
W92000004,Wales,nation,2020-06-27,46,6,
W92000004,Wales,nation,2020-06-26,65,2,
W92000004,Wales,nation,2020-06-25,125,9,
W92000004,Wales,nation,2020-06-24,47,6,
W92000004,Wales,nation,2020-06-23,51,1,
W92000004,Wales,nation,2020-06-22,71,2,
W92000004,Wales,nation,2020-06-21,100,5,
W92000004,Wales,nation,2020-06-20,25,3,
W92000004,Wales,nation,2020-06-19,31,4,
W92000004,Wales,nation,2020-06-18,48,0,
W92000004,Wales,nation,2020-06-17,53,1,
W92000004,Wales,nation,2020-06-16,65,8,
W92000004,Wales,nation,2020-06-15,62,6,
W92000004,Wales,nation,2020-06-14,39,6,
W92000004,Wales,nation,2020-06-13,45,6,
W92000004,Wales,nation,2020-06-12,77,4,
W92000004,Wales,nation,2020-06-11,63,5,
W92000004,Wales,nation,2020-06-10,38,7,
W92000004,Wales,nation,2020-06-09,42,4,
W92000004,Wales,nation,2020-06-08,42,7,
W92000004,Wales,nation,2020-06-07,40,8,
W92000004,Wales,nation,2020-06-06,42,9,
W92000004,Wales,nation,2020-06-05,76,4,
W92000004,Wales,nation,2020-06-04,35,12,
W92000004,Wales,nation,2020-06-03,82,7,
W92000004,Wales,nation,2020-06-02,67,5,
W92000004,Wales,nation,2020-06-01,59,9,
W92000004,Wales,nation,2020-05-31,82,7,
W92000004,Wales,nation,2020-05-30,86,10,
W92000004,Wales,nation,2020-05-29,102,11,
W92000004,Wales,nation,2020-05-28,72,16,
W92000004,Wales,nation,2020-05-27,97,6,
W92000004,Wales,nation,2020-05-26,141,10,
W92000004,Wales,nation,2020-05-25,106,10,
W92000004,Wales,nation,2020-05-24,140,12,
W92000004,Wales,nation,2020-05-23,185,7,
W92000004,Wales,nation,2020-05-22,138,10,
W92000004,Wales,nation,2020-05-21,166,9,
W92000004,Wales,nation,2020-05-20,110,7,
W92000004,Wales,nation,2020-05-19,166,11,
W92000004,Wales,nation,2020-05-18,101,10,
W92000004,Wales,nation,2020-05-17,162,11,
W92000004,Wales,nation,2020-05-16,183,13,
W92000004,Wales,nation,2020-05-15,126,16,
W92000004,Wales,nation,2020-05-14,128,12,
W92000004,Wales,nation,2020-05-13,133,16,
W92000004,Wales,nation,2020-05-12,105,11,
W92000004,Wales,nation,2020-05-11,124,15,
W92000004,Wales,nation,2020-05-10,223,10,
W92000004,Wales,nation,2020-05-09,118,7,
W92000004,Wales,nation,2020-05-08,152,13,
W92000004,Wales,nation,2020-05-07,87,19,
W92000004,Wales,nation,2020-05-06,95,23,
W92000004,Wales,nation,2020-05-05,145,17,
W92000004,Wales,nation,2020-05-04,195,23,
W92000004,Wales,nation,2020-05-03,174,14,
W92000004,Wales,nation,2020-05-02,183,14,
W92000004,Wales,nation,2020-05-01,160,29,
W92000004,Wales,nation,2020-04-30,183,16,
W92000004,Wales,nation,2020-04-29,117,26,
W92000004,Wales,nation,2020-04-28,232,15,
W92000004,Wales,nation,2020-04-27,203,16,
W92000004,Wales,nation,2020-04-26,178,16,
W92000004,Wales,nation,2020-04-25,299,29,
W92000004,Wales,nation,2020-04-24,243,31,
W92000004,Wales,nation,2020-04-23,234,18,
W92000004,Wales,nation,2020-04-22,274,23,
W92000004,Wales,nation,2020-04-21,304,30,
W92000004,Wales,nation,2020-04-20,276,25,
W92000004,Wales,nation,2020-04-19,334,26,
W92000004,Wales,nation,2020-04-18,292,32,
W92000004,Wales,nation,2020-04-17,244,29,
W92000004,Wales,nation,2020-04-16,284,35,
W92000004,Wales,nation,2020-04-15,272,38,
W92000004,Wales,nation,2020-04-14,238,26,
W92000004,Wales,nation,2020-04-13,313,43,
W92000004,Wales,nation,2020-04-12,367,37,
W92000004,Wales,nation,2020-04-11,340,31,
W92000004,Wales,nation,2020-04-10,502,25,
W92000004,Wales,nation,2020-04-09,16,43,
W92000004,Wales,nation,2020-04-08,283,42,
W92000004,Wales,nation,2020-04-07,291,32,
W92000004,Wales,nation,2020-04-06,302,20,
W92000004,Wales,nation,2020-04-05,344,30,
W92000004,Wales,nation,2020-04-04,387,31,
W92000004,Wales,nation,2020-04-03,345,29,
W92000004,Wales,nation,2020-04-02,284,28,
W92000004,Wales,nation,2020-04-01,274,21,
W92000004,Wales,nation,2020-03-31,112,15,
W92000004,Wales,nation,2020-03-30,210,16,
W92000004,Wales,nation,2020-03-29,148,18,
W92000004,Wales,nation,2020-03-28,172,15,
W92000004,Wales,nation,2020-03-27,180,10,
W92000004,Wales,nation,2020-03-26,113,11,
W92000004,Wales,nation,2020-03-25,150,10,
W92000004,Wales,nation,2020-03-24,60,9,
W92000004,Wales,nation,2020-03-23,71,4,
W92000004,Wales,nation,2020-03-22,67,5,
W92000004,Wales,nation,2020-03-21,89,7,
W92000004,Wales,nation,2020-03-20,21,2,
W92000004,Wales,nation,2020-03-19,21,3,
W92000004,Wales,nation,2020-03-18,13,0,
W92000004,Wales,nation,2020-03-17,12,0,
W92000004,Wales,nation,2020-03-16,30,3,
W92000004,Wales,nation,2020-03-15,34,,
W92000004,Wales,nation,2020-03-14,22,,
W92000004,Wales,nation,2020-03-13,13,,
W92000004,Wales,nation,2020-03-12,10,,
W92000004,Wales,nation,2020-03-11,9,,
W92000004,Wales,nation,2020-03-10,2,,
W92000004,Wales,nation,2020-03-09,2,,
W92000004,Wales,nation,2020-03-08,0,,
W92000004,Wales,nation,2020-03-07,0,,
W92000004,Wales,nation,2020-03-06,0,,
W92000004,Wales,nation,2020-03-05,1,,
W92000004,Wales,nation,2020-03-04,0,,
W92000004,Wales,nation,2020-03-03,0,,
W92000004,Wales,nation,2020-03-02,0,,
W92000004,Wales,nation,2020-03-01,0,,
W92000004,Wales,nation,2020-02-29,0,,
W92000004,Wales,nation,2020-02-28,1,,
